[0.197s] DEBUG:colcon:Command line arguments: ['/usr/bin/colcon', 'build']
[0.197s] DEBUG:colcon:Parsed command line arguments: Namespace(log_base=None, log_level=None, verb_name='build', build_base='build', install_base='install', merge_install=False, symlink_install=False, test_result_base=None, continue_on_error=False, executor='parallel', parallel_workers=16, event_handlers=None, ignore_user_meta=False, metas=['./colcon.meta'], base_paths=['.'], packages_ignore=None, packages_ignore_regex=None, paths=None, packages_up_to=None, packages_up_to_regex=None, packages_above=None, packages_above_and_dependencies=None, packages_above_depth=None, packages_select_by_dep=None, packages_skip_by_dep=None, packages_skip_up_to=None, packages_select_build_failed=False, packages_skip_build_finished=False, packages_select_test_failures=False, packages_skip_test_passed=False, packages_select=None, packages_skip=None, packages_select_regex=None, packages_skip_regex=None, packages_start=None, packages_end=None, allow_overriding=[], cmake_args=None, cmake_target=None, cmake_target_skip_unavailable=False, cmake_clean_cache=False, cmake_clean_first=False, cmake_force_configure=False, ament_cmake_args=None, catkin_cmake_args=None, catkin_skip_building_tests=False, mixin_files=None, mixin=None, verb_parser=<colcon_mixin.mixin.mixin_argument.MixinArgumentDecorator object at 0x7114ee956c80>, verb_extension=<colcon_core.verb.build.BuildVerb object at 0x7114ee9566b0>, main=<bound method BuildVerb.main of <colcon_core.verb.build.BuildVerb object at 0x7114ee9566b0>>, mixin_verb=('build',))
[0.473s] Level 1:colcon.colcon_core.package_discovery:discover_packages(colcon_meta) check parameters
[0.473s] Level 1:colcon.colcon_core.package_discovery:discover_packages(recursive) check parameters
[0.473s] Level 1:colcon.colcon_core.package_discovery:discover_packages(ignore) check parameters
[0.473s] Level 1:colcon.colcon_core.package_discovery:discover_packages(path) check parameters
[0.473s] Level 1:colcon.colcon_core.package_discovery:discover_packages(colcon_meta) discover
[0.473s] Level 1:colcon.colcon_core.package_discovery:discover_packages(recursive) discover
[0.473s] INFO:colcon.colcon_core.package_discovery:Crawling recursively for packages in '/home/bill8/mec_ws/mec_ws'
[0.473s] Level 1:colcon.colcon_core.package_identification:_identify(.) by extensions ['ignore', 'ignore_ament_install']
[0.474s] Level 1:colcon.colcon_core.package_identification:_identify(.) by extension 'ignore'
[0.474s] Level 1:colcon.colcon_core.package_identification:_identify(.) by extension 'ignore_ament_install'
[0.474s] Level 1:colcon.colcon_core.package_identification:_identify(.) by extensions ['colcon_pkg']
[0.474s] Level 1:colcon.colcon_core.package_identification:_identify(.) by extension 'colcon_pkg'
[0.474s] Level 1:colcon.colcon_core.package_identification:_identify(.) by extensions ['colcon_meta']
[0.474s] Level 1:colcon.colcon_core.package_identification:_identify(.) by extension 'colcon_meta'
[0.474s] Level 1:colcon.colcon_core.package_identification:_identify(.) by extensions ['ros']
[0.474s] Level 1:colcon.colcon_core.package_identification:_identify(.) by extension 'ros'
[0.489s] Level 1:colcon.colcon_core.package_identification:_identify(.) by extensions ['cmake', 'python']
[0.490s] Level 1:colcon.colcon_core.package_identification:_identify(.) by extension 'cmake'
[0.490s] Level 1:colcon.colcon_core.package_identification:_identify(.) by extension 'python'
[0.490s] Level 1:colcon.colcon_core.package_identification:_identify(.) by extensions ['python_setup_py']
[0.490s] Level 1:colcon.colcon_core.package_identification:_identify(.) by extension 'python_setup_py'
[0.490s] Level 1:colcon.colcon_core.package_identification:_identify(build) by extensions ['ignore', 'ignore_ament_install']
[0.490s] Level 1:colcon.colcon_core.package_identification:_identify(build) by extension 'ignore'
[0.490s] Level 1:colcon.colcon_core.package_identification:_identify(build) ignored
[0.490s] Level 1:colcon.colcon_core.package_identification:_identify(install) by extensions ['ignore', 'ignore_ament_install']
[0.490s] Level 1:colcon.colcon_core.package_identification:_identify(install) by extension 'ignore'
[0.490s] Level 1:colcon.colcon_core.package_identification:_identify(install) ignored
[0.490s] Level 1:colcon.colcon_core.package_identification:_identify(log) by extensions ['ignore', 'ignore_ament_install']
[0.490s] Level 1:colcon.colcon_core.package_identification:_identify(log) by extension 'ignore'
[0.490s] Level 1:colcon.colcon_core.package_identification:_identify(log) ignored
[0.490s] Level 1:colcon.colcon_core.package_identification:_identify(src) by extensions ['ignore', 'ignore_ament_install']
[0.491s] Level 1:colcon.colcon_core.package_identification:_identify(src) by extension 'ignore'
[0.491s] Level 1:colcon.colcon_core.package_identification:_identify(src) by extension 'ignore_ament_install'
[0.491s] Level 1:colcon.colcon_core.package_identification:_identify(src) by extensions ['colcon_pkg']
[0.491s] Level 1:colcon.colcon_core.package_identification:_identify(src) by extension 'colcon_pkg'
[0.491s] Level 1:colcon.colcon_core.package_identification:_identify(src) by extensions ['colcon_meta']
[0.491s] Level 1:colcon.colcon_core.package_identification:_identify(src) by extension 'colcon_meta'
[0.491s] Level 1:colcon.colcon_core.package_identification:_identify(src) by extensions ['ros']
[0.491s] Level 1:colcon.colcon_core.package_identification:_identify(src) by extension 'ros'
[0.491s] Level 1:colcon.colcon_core.package_identification:_identify(src) by extensions ['cmake', 'python']
[0.491s] Level 1:colcon.colcon_core.package_identification:_identify(src) by extension 'cmake'
[0.491s] Level 1:colcon.colcon_core.package_identification:_identify(src) by extension 'python'
[0.491s] Level 1:colcon.colcon_core.package_identification:_identify(src) by extensions ['python_setup_py']
[0.491s] Level 1:colcon.colcon_core.package_identification:_identify(src) by extension 'python_setup_py'
[0.491s] Level 1:colcon.colcon_core.package_identification:_identify(src/bill_bringup) by extensions ['ignore', 'ignore_ament_install']
[0.491s] Level 1:colcon.colcon_core.package_identification:_identify(src/bill_bringup) by extension 'ignore'
[0.491s] Level 1:colcon.colcon_core.package_identification:_identify(src/bill_bringup) by extension 'ignore_ament_install'
[0.491s] Level 1:colcon.colcon_core.package_identification:_identify(src/bill_bringup) by extensions ['colcon_pkg']
[0.491s] Level 1:colcon.colcon_core.package_identification:_identify(src/bill_bringup) by extension 'colcon_pkg'
[0.491s] Level 1:colcon.colcon_core.package_identification:_identify(src/bill_bringup) by extensions ['colcon_meta']
[0.491s] Level 1:colcon.colcon_core.package_identification:_identify(src/bill_bringup) by extension 'colcon_meta'
[0.491s] Level 1:colcon.colcon_core.package_identification:_identify(src/bill_bringup) by extensions ['ros']
[0.491s] Level 1:colcon.colcon_core.package_identification:_identify(src/bill_bringup) by extension 'ros'
[0.494s] DEBUG:colcon.colcon_core.package_identification:Package 'src/bill_bringup' with type 'ros.ament_cmake' and name 'bill_bringup'
[0.495s] Level 1:colcon.colcon_core.package_identification:_identify(src/bill_interfaces) by extensions ['ignore', 'ignore_ament_install']
[0.495s] Level 1:colcon.colcon_core.package_identification:_identify(src/bill_interfaces) by extension 'ignore'
[0.495s] Level 1:colcon.colcon_core.package_identification:_identify(src/bill_interfaces) by extension 'ignore_ament_install'
[0.495s] Level 1:colcon.colcon_core.package_identification:_identify(src/bill_interfaces) by extensions ['colcon_pkg']
[0.495s] Level 1:colcon.colcon_core.package_identification:_identify(src/bill_interfaces) by extension 'colcon_pkg'
[0.495s] Level 1:colcon.colcon_core.package_identification:_identify(src/bill_interfaces) by extensions ['colcon_meta']
[0.495s] Level 1:colcon.colcon_core.package_identification:_identify(src/bill_interfaces) by extension 'colcon_meta'
[0.495s] Level 1:colcon.colcon_core.package_identification:_identify(src/bill_interfaces) by extensions ['ros']
[0.495s] Level 1:colcon.colcon_core.package_identification:_identify(src/bill_interfaces) by extension 'ros'
[0.496s] DEBUG:colcon.colcon_core.package_identification:Package 'src/bill_interfaces' with type 'ros.ament_cmake' and name 'bill_interfaces'
[0.496s] Level 1:colcon.colcon_core.package_identification:_identify(src/mec_bringup) by extensions ['ignore', 'ignore_ament_install']
[0.496s] Level 1:colcon.colcon_core.package_identification:_identify(src/mec_bringup) by extension 'ignore'
[0.496s] Level 1:colcon.colcon_core.package_identification:_identify(src/mec_bringup) by extension 'ignore_ament_install'
[0.496s] Level 1:colcon.colcon_core.package_identification:_identify(src/mec_bringup) by extensions ['colcon_pkg']
[0.496s] Level 1:colcon.colcon_core.package_identification:_identify(src/mec_bringup) by extension 'colcon_pkg'
[0.496s] Level 1:colcon.colcon_core.package_identification:_identify(src/mec_bringup) by extensions ['colcon_meta']
[0.496s] Level 1:colcon.colcon_core.package_identification:_identify(src/mec_bringup) by extension 'colcon_meta'
[0.496s] Level 1:colcon.colcon_core.package_identification:_identify(src/mec_bringup) by extensions ['ros']
[0.496s] Level 1:colcon.colcon_core.package_identification:_identify(src/mec_bringup) by extension 'ros'
[0.498s] DEBUG:colcon.colcon_core.package_identification:Package 'src/mec_bringup' with type 'ros.ament_cmake' and name 'mec_bringup'
[0.498s] Level 1:colcon.colcon_core.package_identification:_identify(src/mec_description) by extensions ['ignore', 'ignore_ament_install']
[0.498s] Level 1:colcon.colcon_core.package_identification:_identify(src/mec_description) by extension 'ignore'
[0.498s] Level 1:colcon.colcon_core.package_identification:_identify(src/mec_description) by extension 'ignore_ament_install'
[0.498s] Level 1:colcon.colcon_core.package_identification:_identify(src/mec_description) by extensions ['colcon_pkg']
[0.498s] Level 1:colcon.colcon_core.package_identification:_identify(src/mec_description) by extension 'colcon_pkg'
[0.498s] Level 1:colcon.colcon_core.package_identification:_identify(src/mec_description) by extensions ['colcon_meta']
[0.498s] Level 1:colcon.colcon_core.package_identification:_identify(src/mec_description) by extension 'colcon_meta'
[0.498s] Level 1:colcon.colcon_core.package_identification:_identify(src/mec_description) by extensions ['ros']
[0.499s] Level 1:colcon.colcon_core.package_identification:_identify(src/mec_description) by extension 'ros'
[0.499s] DEBUG:colcon.colcon_core.package_identification:Package 'src/mec_description' with type 'ros.ament_cmake' and name 'mec_description'
[0.499s] Level 1:colcon.colcon_core.package_identification:_identify(src/mec_firmware) by extensions ['ignore', 'ignore_ament_install']
[0.499s] Level 1:colcon.colcon_core.package_identification:_identify(src/mec_firmware) by extension 'ignore'
[0.499s] Level 1:colcon.colcon_core.package_identification:_identify(src/mec_firmware) by extension 'ignore_ament_install'
[0.499s] Level 1:colcon.colcon_core.package_identification:_identify(src/mec_firmware) by extensions ['colcon_pkg']
[0.499s] Level 1:colcon.colcon_core.package_identification:_identify(src/mec_firmware) by extension 'colcon_pkg'
[0.499s] Level 1:colcon.colcon_core.package_identification:_identify(src/mec_firmware) by extensions ['colcon_meta']
[0.499s] Level 1:colcon.colcon_core.package_identification:_identify(src/mec_firmware) by extension 'colcon_meta'
[0.499s] Level 1:colcon.colcon_core.package_identification:_identify(src/mec_firmware) by extensions ['ros']
[0.500s] Level 1:colcon.colcon_core.package_identification:_identify(src/mec_firmware) by extension 'ros'
[0.501s] DEBUG:colcon.colcon_core.package_identification:Package 'src/mec_firmware' with type 'ros.ament_cmake' and name 'mec_firmware'
[0.501s] Level 1:colcon.colcon_core.package_identification:_identify(src/my_cpp_pkg) by extensions ['ignore', 'ignore_ament_install']
[0.501s] Level 1:colcon.colcon_core.package_identification:_identify(src/my_cpp_pkg) by extension 'ignore'
[0.501s] Level 1:colcon.colcon_core.package_identification:_identify(src/my_cpp_pkg) by extension 'ignore_ament_install'
[0.501s] Level 1:colcon.colcon_core.package_identification:_identify(src/my_cpp_pkg) by extensions ['colcon_pkg']
[0.501s] Level 1:colcon.colcon_core.package_identification:_identify(src/my_cpp_pkg) by extension 'colcon_pkg'
[0.501s] Level 1:colcon.colcon_core.package_identification:_identify(src/my_cpp_pkg) by extensions ['colcon_meta']
[0.501s] Level 1:colcon.colcon_core.package_identification:_identify(src/my_cpp_pkg) by extension 'colcon_meta'
[0.501s] Level 1:colcon.colcon_core.package_identification:_identify(src/my_cpp_pkg) by extensions ['ros']
[0.501s] Level 1:colcon.colcon_core.package_identification:_identify(src/my_cpp_pkg) by extension 'ros'
[0.502s] DEBUG:colcon.colcon_core.package_identification:Package 'src/my_cpp_pkg' with type 'ros.ament_cmake' and name 'my_cpp_pkg'
[0.502s] Level 1:colcon.colcon_core.package_identification:_identify(src/my_interfaces) by extensions ['ignore', 'ignore_ament_install']
[0.502s] Level 1:colcon.colcon_core.package_identification:_identify(src/my_interfaces) by extension 'ignore'
[0.502s] Level 1:colcon.colcon_core.package_identification:_identify(src/my_interfaces) by extension 'ignore_ament_install'
[0.502s] Level 1:colcon.colcon_core.package_identification:_identify(src/my_interfaces) by extensions ['colcon_pkg']
[0.502s] Level 1:colcon.colcon_core.package_identification:_identify(src/my_interfaces) by extension 'colcon_pkg'
[0.502s] Level 1:colcon.colcon_core.package_identification:_identify(src/my_interfaces) by extensions ['colcon_meta']
[0.502s] Level 1:colcon.colcon_core.package_identification:_identify(src/my_interfaces) by extension 'colcon_meta'
[0.502s] Level 1:colcon.colcon_core.package_identification:_identify(src/my_interfaces) by extensions ['ros']
[0.502s] Level 1:colcon.colcon_core.package_identification:_identify(src/my_interfaces) by extension 'ros'
[0.503s] DEBUG:colcon.colcon_core.package_identification:Package 'src/my_interfaces' with type 'ros.ament_cmake' and name 'my_interfaces'
[0.503s] Level 1:colcon.colcon_core.package_identification:_identify(src/my_py_pkg) by extensions ['ignore', 'ignore_ament_install']
[0.503s] Level 1:colcon.colcon_core.package_identification:_identify(src/my_py_pkg) by extension 'ignore'
[0.503s] Level 1:colcon.colcon_core.package_identification:_identify(src/my_py_pkg) by extension 'ignore_ament_install'
[0.503s] Level 1:colcon.colcon_core.package_identification:_identify(src/my_py_pkg) by extensions ['colcon_pkg']
[0.503s] Level 1:colcon.colcon_core.package_identification:_identify(src/my_py_pkg) by extension 'colcon_pkg'
[0.503s] Level 1:colcon.colcon_core.package_identification:_identify(src/my_py_pkg) by extensions ['colcon_meta']
[0.503s] Level 1:colcon.colcon_core.package_identification:_identify(src/my_py_pkg) by extension 'colcon_meta'
[0.503s] Level 1:colcon.colcon_core.package_identification:_identify(src/my_py_pkg) by extensions ['ros']
[0.503s] Level 1:colcon.colcon_core.package_identification:_identify(src/my_py_pkg) by extension 'ros'
[0.504s] DEBUG:colcon.colcon_core.package_identification:Package 'src/my_py_pkg' with type 'ros.ament_python' and name 'my_py_pkg'
[0.504s] Level 1:colcon.colcon_core.package_identification:_identify(src/my_robot_bringup) by extensions ['ignore', 'ignore_ament_install']
[0.504s] Level 1:colcon.colcon_core.package_identification:_identify(src/my_robot_bringup) by extension 'ignore'
[0.504s] Level 1:colcon.colcon_core.package_identification:_identify(src/my_robot_bringup) by extension 'ignore_ament_install'
[0.504s] Level 1:colcon.colcon_core.package_identification:_identify(src/my_robot_bringup) by extensions ['colcon_pkg']
[0.504s] Level 1:colcon.colcon_core.package_identification:_identify(src/my_robot_bringup) by extension 'colcon_pkg'
[0.504s] Level 1:colcon.colcon_core.package_identification:_identify(src/my_robot_bringup) by extensions ['colcon_meta']
[0.504s] Level 1:colcon.colcon_core.package_identification:_identify(src/my_robot_bringup) by extension 'colcon_meta'
[0.504s] Level 1:colcon.colcon_core.package_identification:_identify(src/my_robot_bringup) by extensions ['ros']
[0.504s] Level 1:colcon.colcon_core.package_identification:_identify(src/my_robot_bringup) by extension 'ros'
[0.513s] DEBUG:colcon.colcon_core.package_identification:Package 'src/my_robot_bringup' with type 'ros.ament_cmake' and name 'my_robot_bringup'
[0.513s] Level 1:colcon.colcon_core.package_identification:_identify(src/my_robot_description) by extensions ['ignore', 'ignore_ament_install']
[0.513s] Level 1:colcon.colcon_core.package_identification:_identify(src/my_robot_description) by extension 'ignore'
[0.514s] Level 1:colcon.colcon_core.package_identification:_identify(src/my_robot_description) by extension 'ignore_ament_install'
[0.514s] Level 1:colcon.colcon_core.package_identification:_identify(src/my_robot_description) by extensions ['colcon_pkg']
[0.514s] Level 1:colcon.colcon_core.package_identification:_identify(src/my_robot_description) by extension 'colcon_pkg'
[0.514s] Level 1:colcon.colcon_core.package_identification:_identify(src/my_robot_description) by extensions ['colcon_meta']
[0.514s] Level 1:colcon.colcon_core.package_identification:_identify(src/my_robot_description) by extension 'colcon_meta'
[0.514s] Level 1:colcon.colcon_core.package_identification:_identify(src/my_robot_description) by extensions ['ros']
[0.514s] Level 1:colcon.colcon_core.package_identification:_identify(src/my_robot_description) by extension 'ros'
[0.514s] DEBUG:colcon.colcon_core.package_identification:Package 'src/my_robot_description' with type 'ros.ament_cmake' and name 'my_robot_description'
[0.514s] Level 1:colcon.colcon_core.package_identification:_identify(src/person_identification_mission) by extensions ['ignore', 'ignore_ament_install']
[0.515s] Level 1:colcon.colcon_core.package_identification:_identify(src/person_identification_mission) by extension 'ignore'
[0.515s] Level 1:colcon.colcon_core.package_identification:_identify(src/person_identification_mission) by extension 'ignore_ament_install'
[0.515s] Level 1:colcon.colcon_core.package_identification:_identify(src/person_identification_mission) by extensions ['colcon_pkg']
[0.515s] Level 1:colcon.colcon_core.package_identification:_identify(src/person_identification_mission) by extension 'colcon_pkg'
[0.515s] Level 1:colcon.colcon_core.package_identification:_identify(src/person_identification_mission) by extensions ['colcon_meta']
[0.515s] Level 1:colcon.colcon_core.package_identification:_identify(src/person_identification_mission) by extension 'colcon_meta'
[0.515s] Level 1:colcon.colcon_core.package_identification:_identify(src/person_identification_mission) by extensions ['ros']
[0.515s] Level 1:colcon.colcon_core.package_identification:_identify(src/person_identification_mission) by extension 'ros'
[0.515s] DEBUG:colcon.colcon_core.package_identification:Package 'src/person_identification_mission' with type 'ros.ament_python' and name 'person_identification_mission'
[0.516s] Level 1:colcon.colcon_core.package_discovery:discover_packages(recursive) using defaults
[0.516s] Level 1:colcon.colcon_core.package_discovery:discover_packages(ignore) discover
[0.516s] Level 1:colcon.colcon_core.package_discovery:discover_packages(ignore) using defaults
[0.516s] Level 1:colcon.colcon_core.package_discovery:discover_packages(path) discover
[0.516s] Level 1:colcon.colcon_core.package_discovery:discover_packages(path) using defaults
[0.549s] Level 1:colcon.colcon_core.package_discovery:discover_packages(prefix_path) check parameters
[0.549s] Level 1:colcon.colcon_core.package_discovery:discover_packages(prefix_path) discover
[0.553s] DEBUG:colcon.colcon_installed_package_information.package_discovery:Found 368 installed packages in /opt/ros/humble
[0.556s] Level 1:colcon.colcon_core.package_discovery:discover_packages(prefix_path) using defaults
[0.602s] Level 5:colcon.colcon_core.verb:set package 'bill_interfaces' build argument 'cmake_args' from command line to 'None'
[0.602s] Level 5:colcon.colcon_core.verb:set package 'bill_interfaces' build argument 'cmake_target' from command line to 'None'
[0.602s] Level 5:colcon.colcon_core.verb:set package 'bill_interfaces' build argument 'cmake_target_skip_unavailable' from command line to 'False'
[0.602s] Level 5:colcon.colcon_core.verb:set package 'bill_interfaces' build argument 'cmake_clean_cache' from command line to 'False'
[0.602s] Level 5:colcon.colcon_core.verb:set package 'bill_interfaces' build argument 'cmake_clean_first' from command line to 'False'
[0.602s] Level 5:colcon.colcon_core.verb:set package 'bill_interfaces' build argument 'cmake_force_configure' from command line to 'False'
[0.602s] Level 5:colcon.colcon_core.verb:set package 'bill_interfaces' build argument 'ament_cmake_args' from command line to 'None'
[0.602s] Level 5:colcon.colcon_core.verb:set package 'bill_interfaces' build argument 'catkin_cmake_args' from command line to 'None'
[0.602s] Level 5:colcon.colcon_core.verb:set package 'bill_interfaces' build argument 'catkin_skip_building_tests' from command line to 'False'
[0.602s] DEBUG:colcon.colcon_core.verb:Building package 'bill_interfaces' with the following arguments: {'ament_cmake_args': None, 'build_base': '/home/bill8/mec_ws/mec_ws/build/bill_interfaces', 'catkin_cmake_args': None, 'catkin_skip_building_tests': False, 'cmake_args': None, 'cmake_clean_cache': False, 'cmake_clean_first': False, 'cmake_force_configure': False, 'cmake_target': None, 'cmake_target_skip_unavailable': False, 'install_base': '/home/bill8/mec_ws/mec_ws/install/bill_interfaces', 'merge_install': False, 'path': '/home/bill8/mec_ws/mec_ws/src/bill_interfaces', 'symlink_install': False, 'test_result_base': None}
[0.603s] Level 5:colcon.colcon_core.verb:set package 'mec_description' build argument 'cmake_args' from command line to 'None'
[0.603s] Level 5:colcon.colcon_core.verb:set package 'mec_description' build argument 'cmake_target' from command line to 'None'
[0.603s] Level 5:colcon.colcon_core.verb:set package 'mec_description' build argument 'cmake_target_skip_unavailable' from command line to 'False'
[0.603s] Level 5:colcon.colcon_core.verb:set package 'mec_description' build argument 'cmake_clean_cache' from command line to 'False'
[0.603s] Level 5:colcon.colcon_core.verb:set package 'mec_description' build argument 'cmake_clean_first' from command line to 'False'
[0.603s] Level 5:colcon.colcon_core.verb:set package 'mec_description' build argument 'cmake_force_configure' from command line to 'False'
[0.603s] Level 5:colcon.colcon_core.verb:set package 'mec_description' build argument 'ament_cmake_args' from command line to 'None'
[0.603s] Level 5:colcon.colcon_core.verb:set package 'mec_description' build argument 'catkin_cmake_args' from command line to 'None'
[0.603s] Level 5:colcon.colcon_core.verb:set package 'mec_description' build argument 'catkin_skip_building_tests' from command line to 'False'
[0.603s] DEBUG:colcon.colcon_core.verb:Building package 'mec_description' with the following arguments: {'ament_cmake_args': None, 'build_base': '/home/bill8/mec_ws/mec_ws/build/mec_description', 'catkin_cmake_args': None, 'catkin_skip_building_tests': False, 'cmake_args': None, 'cmake_clean_cache': False, 'cmake_clean_first': False, 'cmake_force_configure': False, 'cmake_target': None, 'cmake_target_skip_unavailable': False, 'install_base': '/home/bill8/mec_ws/mec_ws/install/mec_description', 'merge_install': False, 'path': '/home/bill8/mec_ws/mec_ws/src/mec_description', 'symlink_install': False, 'test_result_base': None}
[0.603s] Level 5:colcon.colcon_core.verb:set package 'mec_firmware' build argument 'cmake_args' from command line to 'None'
[0.603s] Level 5:colcon.colcon_core.verb:set package 'mec_firmware' build argument 'cmake_target' from command line to 'None'
[0.603s] Level 5:colcon.colcon_core.verb:set package 'mec_firmware' build argument 'cmake_target_skip_unavailable' from command line to 'False'
[0.603s] Level 5:colcon.colcon_core.verb:set package 'mec_firmware' build argument 'cmake_clean_cache' from command line to 'False'
[0.603s] Level 5:colcon.colcon_core.verb:set package 'mec_firmware' build argument 'cmake_clean_first' from command line to 'False'
[0.603s] Level 5:colcon.colcon_core.verb:set package 'mec_firmware' build argument 'cmake_force_configure' from command line to 'False'
[0.603s] Level 5:colcon.colcon_core.verb:set package 'mec_firmware' build argument 'ament_cmake_args' from command line to 'None'
[0.603s] Level 5:colcon.colcon_core.verb:set package 'mec_firmware' build argument 'catkin_cmake_args' from command line to 'None'
[0.603s] Level 5:colcon.colcon_core.verb:set package 'mec_firmware' build argument 'catkin_skip_building_tests' from command line to 'False'
[0.603s] DEBUG:colcon.colcon_core.verb:Building package 'mec_firmware' with the following arguments: {'ament_cmake_args': None, 'build_base': '/home/bill8/mec_ws/mec_ws/build/mec_firmware', 'catkin_cmake_args': None, 'catkin_skip_building_tests': False, 'cmake_args': None, 'cmake_clean_cache': False, 'cmake_clean_first': False, 'cmake_force_configure': False, 'cmake_target': None, 'cmake_target_skip_unavailable': False, 'install_base': '/home/bill8/mec_ws/mec_ws/install/mec_firmware', 'merge_install': False, 'path': '/home/bill8/mec_ws/mec_ws/src/mec_firmware', 'symlink_install': False, 'test_result_base': None}
[0.604s] Level 5:colcon.colcon_core.verb:set package 'my_cpp_pkg' build argument 'cmake_args' from command line to 'None'
[0.604s] Level 5:colcon.colcon_core.verb:set package 'my_cpp_pkg' build argument 'cmake_target' from command line to 'None'
[0.604s] Level 5:colcon.colcon_core.verb:set package 'my_cpp_pkg' build argument 'cmake_target_skip_unavailable' from command line to 'False'
[0.604s] Level 5:colcon.colcon_core.verb:set package 'my_cpp_pkg' build argument 'cmake_clean_cache' from command line to 'False'
[0.604s] Level 5:colcon.colcon_core.verb:set package 'my_cpp_pkg' build argument 'cmake_clean_first' from command line to 'False'
[0.604s] Level 5:colcon.colcon_core.verb:set package 'my_cpp_pkg' build argument 'cmake_force_configure' from command line to 'False'
[0.604s] Level 5:colcon.colcon_core.verb:set package 'my_cpp_pkg' build argument 'ament_cmake_args' from command line to 'None'
[0.604s] Level 5:colcon.colcon_core.verb:set package 'my_cpp_pkg' build argument 'catkin_cmake_args' from command line to 'None'
[0.604s] Level 5:colcon.colcon_core.verb:set package 'my_cpp_pkg' build argument 'catkin_skip_building_tests' from command line to 'False'
[0.604s] DEBUG:colcon.colcon_core.verb:Building package 'my_cpp_pkg' with the following arguments: {'ament_cmake_args': None, 'build_base': '/home/bill8/mec_ws/mec_ws/build/my_cpp_pkg', 'catkin_cmake_args': None, 'catkin_skip_building_tests': False, 'cmake_args': None, 'cmake_clean_cache': False, 'cmake_clean_first': False, 'cmake_force_configure': False, 'cmake_target': None, 'cmake_target_skip_unavailable': False, 'install_base': '/home/bill8/mec_ws/mec_ws/install/my_cpp_pkg', 'merge_install': False, 'path': '/home/bill8/mec_ws/mec_ws/src/my_cpp_pkg', 'symlink_install': False, 'test_result_base': None}
[0.604s] Level 5:colcon.colcon_core.verb:set package 'my_interfaces' build argument 'cmake_args' from command line to 'None'
[0.604s] Level 5:colcon.colcon_core.verb:set package 'my_interfaces' build argument 'cmake_target' from command line to 'None'
[0.604s] Level 5:colcon.colcon_core.verb:set package 'my_interfaces' build argument 'cmake_target_skip_unavailable' from command line to 'False'
[0.604s] Level 5:colcon.colcon_core.verb:set package 'my_interfaces' build argument 'cmake_clean_cache' from command line to 'False'
[0.604s] Level 5:colcon.colcon_core.verb:set package 'my_interfaces' build argument 'cmake_clean_first' from command line to 'False'
[0.604s] Level 5:colcon.colcon_core.verb:set package 'my_interfaces' build argument 'cmake_force_configure' from command line to 'False'
[0.604s] Level 5:colcon.colcon_core.verb:set package 'my_interfaces' build argument 'ament_cmake_args' from command line to 'None'
[0.604s] Level 5:colcon.colcon_core.verb:set package 'my_interfaces' build argument 'catkin_cmake_args' from command line to 'None'
[0.604s] Level 5:colcon.colcon_core.verb:set package 'my_interfaces' build argument 'catkin_skip_building_tests' from command line to 'False'
[0.604s] DEBUG:colcon.colcon_core.verb:Building package 'my_interfaces' with the following arguments: {'ament_cmake_args': None, 'build_base': '/home/bill8/mec_ws/mec_ws/build/my_interfaces', 'catkin_cmake_args': None, 'catkin_skip_building_tests': False, 'cmake_args': None, 'cmake_clean_cache': False, 'cmake_clean_first': False, 'cmake_force_configure': False, 'cmake_target': None, 'cmake_target_skip_unavailable': False, 'install_base': '/home/bill8/mec_ws/mec_ws/install/my_interfaces', 'merge_install': False, 'path': '/home/bill8/mec_ws/mec_ws/src/my_interfaces', 'symlink_install': False, 'test_result_base': None}
[0.605s] Level 5:colcon.colcon_core.verb:set package 'my_robot_description' build argument 'cmake_args' from command line to 'None'
[0.605s] Level 5:colcon.colcon_core.verb:set package 'my_robot_description' build argument 'cmake_target' from command line to 'None'
[0.605s] Level 5:colcon.colcon_core.verb:set package 'my_robot_description' build argument 'cmake_target_skip_unavailable' from command line to 'False'
[0.605s] Level 5:colcon.colcon_core.verb:set package 'my_robot_description' build argument 'cmake_clean_cache' from command line to 'False'
[0.605s] Level 5:colcon.colcon_core.verb:set package 'my_robot_description' build argument 'cmake_clean_first' from command line to 'False'
[0.605s] Level 5:colcon.colcon_core.verb:set package 'my_robot_description' build argument 'cmake_force_configure' from command line to 'False'
[0.605s] Level 5:colcon.colcon_core.verb:set package 'my_robot_description' build argument 'ament_cmake_args' from command line to 'None'
[0.605s] Level 5:colcon.colcon_core.verb:set package 'my_robot_description' build argument 'catkin_cmake_args' from command line to 'None'
[0.605s] Level 5:colcon.colcon_core.verb:set package 'my_robot_description' build argument 'catkin_skip_building_tests' from command line to 'False'
[0.605s] DEBUG:colcon.colcon_core.verb:Building package 'my_robot_description' with the following arguments: {'ament_cmake_args': None, 'build_base': '/home/bill8/mec_ws/mec_ws/build/my_robot_description', 'catkin_cmake_args': None, 'catkin_skip_building_tests': False, 'cmake_args': None, 'cmake_clean_cache': False, 'cmake_clean_first': False, 'cmake_force_configure': False, 'cmake_target': None, 'cmake_target_skip_unavailable': False, 'install_base': '/home/bill8/mec_ws/mec_ws/install/my_robot_description', 'merge_install': False, 'path': '/home/bill8/mec_ws/mec_ws/src/my_robot_description', 'symlink_install': False, 'test_result_base': None}
[0.605s] Level 5:colcon.colcon_core.verb:set package 'mec_bringup' build argument 'cmake_args' from command line to 'None'
[0.605s] Level 5:colcon.colcon_core.verb:set package 'mec_bringup' build argument 'cmake_target' from command line to 'None'
[0.605s] Level 5:colcon.colcon_core.verb:set package 'mec_bringup' build argument 'cmake_target_skip_unavailable' from command line to 'False'
[0.605s] Level 5:colcon.colcon_core.verb:set package 'mec_bringup' build argument 'cmake_clean_cache' from command line to 'False'
[0.605s] Level 5:colcon.colcon_core.verb:set package 'mec_bringup' build argument 'cmake_clean_first' from command line to 'False'
[0.605s] Level 5:colcon.colcon_core.verb:set package 'mec_bringup' build argument 'cmake_force_configure' from command line to 'False'
[0.605s] Level 5:colcon.colcon_core.verb:set package 'mec_bringup' build argument 'ament_cmake_args' from command line to 'None'
[0.605s] Level 5:colcon.colcon_core.verb:set package 'mec_bringup' build argument 'catkin_cmake_args' from command line to 'None'
[0.605s] Level 5:colcon.colcon_core.verb:set package 'mec_bringup' build argument 'catkin_skip_building_tests' from command line to 'False'
[0.605s] DEBUG:colcon.colcon_core.verb:Building package 'mec_bringup' with the following arguments: {'ament_cmake_args': None, 'build_base': '/home/bill8/mec_ws/mec_ws/build/mec_bringup', 'catkin_cmake_args': None, 'catkin_skip_building_tests': False, 'cmake_args': None, 'cmake_clean_cache': False, 'cmake_clean_first': False, 'cmake_force_configure': False, 'cmake_target': None, 'cmake_target_skip_unavailable': False, 'install_base': '/home/bill8/mec_ws/mec_ws/install/mec_bringup', 'merge_install': False, 'path': '/home/bill8/mec_ws/mec_ws/src/mec_bringup', 'symlink_install': False, 'test_result_base': None}
[0.606s] Level 5:colcon.colcon_core.verb:set package 'my_py_pkg' build argument 'cmake_args' from command line to 'None'
[0.606s] Level 5:colcon.colcon_core.verb:set package 'my_py_pkg' build argument 'cmake_target' from command line to 'None'
[0.606s] Level 5:colcon.colcon_core.verb:set package 'my_py_pkg' build argument 'cmake_target_skip_unavailable' from command line to 'False'
[0.606s] Level 5:colcon.colcon_core.verb:set package 'my_py_pkg' build argument 'cmake_clean_cache' from command line to 'False'
[0.606s] Level 5:colcon.colcon_core.verb:set package 'my_py_pkg' build argument 'cmake_clean_first' from command line to 'False'
[0.606s] Level 5:colcon.colcon_core.verb:set package 'my_py_pkg' build argument 'cmake_force_configure' from command line to 'False'
[0.606s] Level 5:colcon.colcon_core.verb:set package 'my_py_pkg' build argument 'ament_cmake_args' from command line to 'None'
[0.606s] Level 5:colcon.colcon_core.verb:set package 'my_py_pkg' build argument 'catkin_cmake_args' from command line to 'None'
[0.606s] Level 5:colcon.colcon_core.verb:set package 'my_py_pkg' build argument 'catkin_skip_building_tests' from command line to 'False'
[0.606s] DEBUG:colcon.colcon_core.verb:Building package 'my_py_pkg' with the following arguments: {'ament_cmake_args': None, 'build_base': '/home/bill8/mec_ws/mec_ws/build/my_py_pkg', 'catkin_cmake_args': None, 'catkin_skip_building_tests': False, 'cmake_args': None, 'cmake_clean_cache': False, 'cmake_clean_first': False, 'cmake_force_configure': False, 'cmake_target': None, 'cmake_target_skip_unavailable': False, 'install_base': '/home/bill8/mec_ws/mec_ws/install/my_py_pkg', 'merge_install': False, 'path': '/home/bill8/mec_ws/mec_ws/src/my_py_pkg', 'symlink_install': False, 'test_result_base': None}
[0.606s] Level 5:colcon.colcon_core.verb:set package 'my_robot_bringup' build argument 'cmake_args' from command line to 'None'
[0.606s] Level 5:colcon.colcon_core.verb:set package 'my_robot_bringup' build argument 'cmake_target' from command line to 'None'
[0.606s] Level 5:colcon.colcon_core.verb:set package 'my_robot_bringup' build argument 'cmake_target_skip_unavailable' from command line to 'False'
[0.606s] Level 5:colcon.colcon_core.verb:set package 'my_robot_bringup' build argument 'cmake_clean_cache' from command line to 'False'
[0.606s] Level 5:colcon.colcon_core.verb:set package 'my_robot_bringup' build argument 'cmake_clean_first' from command line to 'False'
[0.606s] Level 5:colcon.colcon_core.verb:set package 'my_robot_bringup' build argument 'cmake_force_configure' from command line to 'False'
[0.606s] Level 5:colcon.colcon_core.verb:set package 'my_robot_bringup' build argument 'ament_cmake_args' from command line to 'None'
[0.606s] Level 5:colcon.colcon_core.verb:set package 'my_robot_bringup' build argument 'catkin_cmake_args' from command line to 'None'
[0.606s] Level 5:colcon.colcon_core.verb:set package 'my_robot_bringup' build argument 'catkin_skip_building_tests' from command line to 'False'
[0.606s] DEBUG:colcon.colcon_core.verb:Building package 'my_robot_bringup' with the following arguments: {'ament_cmake_args': None, 'build_base': '/home/bill8/mec_ws/mec_ws/build/my_robot_bringup', 'catkin_cmake_args': None, 'catkin_skip_building_tests': False, 'cmake_args': None, 'cmake_clean_cache': False, 'cmake_clean_first': False, 'cmake_force_configure': False, 'cmake_target': None, 'cmake_target_skip_unavailable': False, 'install_base': '/home/bill8/mec_ws/mec_ws/install/my_robot_bringup', 'merge_install': False, 'path': '/home/bill8/mec_ws/mec_ws/src/my_robot_bringup', 'symlink_install': False, 'test_result_base': None}
[0.607s] Level 5:colcon.colcon_core.verb:set package 'person_identification_mission' build argument 'cmake_args' from command line to 'None'
[0.607s] Level 5:colcon.colcon_core.verb:set package 'person_identification_mission' build argument 'cmake_target' from command line to 'None'
[0.607s] Level 5:colcon.colcon_core.verb:set package 'person_identification_mission' build argument 'cmake_target_skip_unavailable' from command line to 'False'
[0.607s] Level 5:colcon.colcon_core.verb:set package 'person_identification_mission' build argument 'cmake_clean_cache' from command line to 'False'
[0.607s] Level 5:colcon.colcon_core.verb:set package 'person_identification_mission' build argument 'cmake_clean_first' from command line to 'False'
[0.607s] Level 5:colcon.colcon_core.verb:set package 'person_identification_mission' build argument 'cmake_force_configure' from command line to 'False'
[0.607s] Level 5:colcon.colcon_core.verb:set package 'person_identification_mission' build argument 'ament_cmake_args' from command line to 'None'
[0.607s] Level 5:colcon.colcon_core.verb:set package 'person_identification_mission' build argument 'catkin_cmake_args' from command line to 'None'
[0.607s] Level 5:colcon.colcon_core.verb:set package 'person_identification_mission' build argument 'catkin_skip_building_tests' from command line to 'False'
[0.607s] DEBUG:colcon.colcon_core.verb:Building package 'person_identification_mission' with the following arguments: {'ament_cmake_args': None, 'build_base': '/home/bill8/mec_ws/mec_ws/build/person_identification_mission', 'catkin_cmake_args': None, 'catkin_skip_building_tests': False, 'cmake_args': None, 'cmake_clean_cache': False, 'cmake_clean_first': False, 'cmake_force_configure': False, 'cmake_target': None, 'cmake_target_skip_unavailable': False, 'install_base': '/home/bill8/mec_ws/mec_ws/install/person_identification_mission', 'merge_install': False, 'path': '/home/bill8/mec_ws/mec_ws/src/person_identification_mission', 'symlink_install': False, 'test_result_base': None}
[0.607s] Level 5:colcon.colcon_core.verb:set package 'bill_bringup' build argument 'cmake_args' from command line to 'None'
[0.607s] Level 5:colcon.colcon_core.verb:set package 'bill_bringup' build argument 'cmake_target' from command line to 'None'
[0.607s] Level 5:colcon.colcon_core.verb:set package 'bill_bringup' build argument 'cmake_target_skip_unavailable' from command line to 'False'
[0.607s] Level 5:colcon.colcon_core.verb:set package 'bill_bringup' build argument 'cmake_clean_cache' from command line to 'False'
[0.607s] Level 5:colcon.colcon_core.verb:set package 'bill_bringup' build argument 'cmake_clean_first' from command line to 'False'
[0.607s] Level 5:colcon.colcon_core.verb:set package 'bill_bringup' build argument 'cmake_force_configure' from command line to 'False'
[0.607s] Level 5:colcon.colcon_core.verb:set package 'bill_bringup' build argument 'ament_cmake_args' from command line to 'None'
[0.608s] Level 5:colcon.colcon_core.verb:set package 'bill_bringup' build argument 'catkin_cmake_args' from command line to 'None'
[0.608s] Level 5:colcon.colcon_core.verb:set package 'bill_bringup' build argument 'catkin_skip_building_tests' from command line to 'False'
[0.608s] DEBUG:colcon.colcon_core.verb:Building package 'bill_bringup' with the following arguments: {'ament_cmake_args': None, 'build_base': '/home/bill8/mec_ws/mec_ws/build/bill_bringup', 'catkin_cmake_args': None, 'catkin_skip_building_tests': False, 'cmake_args': None, 'cmake_clean_cache': False, 'cmake_clean_first': False, 'cmake_force_configure': False, 'cmake_target': None, 'cmake_target_skip_unavailable': False, 'install_base': '/home/bill8/mec_ws/mec_ws/install/bill_bringup', 'merge_install': False, 'path': '/home/bill8/mec_ws/mec_ws/src/bill_bringup', 'symlink_install': False, 'test_result_base': None}
[0.608s] INFO:colcon.colcon_core.executor:Executing jobs using 'parallel' executor
[0.609s] DEBUG:colcon.colcon_parallel_executor.executor.parallel:run_until_complete
[0.609s] INFO:colcon.colcon_ros.task.ament_cmake.build:Building ROS package in '/home/bill8/mec_ws/mec_ws/src/bill_interfaces' with build type 'ament_cmake'
[0.609s] INFO:colcon.colcon_cmake.task.cmake.build:Building CMake package in '/home/bill8/mec_ws/mec_ws/src/bill_interfaces'
[0.613s] INFO:colcon.colcon_core.plugin_system:Skipping extension 'colcon_core.shell.bat': Not used on non-Windows systems
[0.613s] INFO:colcon.colcon_core.shell:Skip shell extension 'powershell' for command environment: Not usable outside of PowerShell
[0.613s] DEBUG:colcon.colcon_core.shell:Skip shell extension 'dsv' for command environment
[0.617s] INFO:colcon.colcon_ros.task.ament_cmake.build:Building ROS package in '/home/bill8/mec_ws/mec_ws/src/mec_description' with build type 'ament_cmake'
[0.617s] INFO:colcon.colcon_cmake.task.cmake.build:Building CMake package in '/home/bill8/mec_ws/mec_ws/src/mec_description'
[0.617s] INFO:colcon.colcon_core.shell:Skip shell extension 'powershell' for command environment: Not usable outside of PowerShell
[0.617s] DEBUG:colcon.colcon_core.shell:Skip shell extension 'dsv' for command environment
[0.621s] INFO:colcon.colcon_ros.task.ament_cmake.build:Building ROS package in '/home/bill8/mec_ws/mec_ws/src/my_interfaces' with build type 'ament_cmake'
[0.621s] INFO:colcon.colcon_cmake.task.cmake.build:Building CMake package in '/home/bill8/mec_ws/mec_ws/src/my_interfaces'
[0.621s] INFO:colcon.colcon_core.shell:Skip shell extension 'powershell' for command environment: Not usable outside of PowerShell
[0.621s] DEBUG:colcon.colcon_core.shell:Skip shell extension 'dsv' for command environment
[0.625s] INFO:colcon.colcon_ros.task.ament_cmake.build:Building ROS package in '/home/bill8/mec_ws/mec_ws/src/my_robot_description' with build type 'ament_cmake'
[0.625s] INFO:colcon.colcon_cmake.task.cmake.build:Building CMake package in '/home/bill8/mec_ws/mec_ws/src/my_robot_description'
[0.625s] INFO:colcon.colcon_core.shell:Skip shell extension 'powershell' for command environment: Not usable outside of PowerShell
[0.626s] DEBUG:colcon.colcon_core.shell:Skip shell extension 'dsv' for command environment
[0.630s] INFO:colcon.colcon_ros.task.ament_cmake.build:Building ROS package in '/home/bill8/mec_ws/mec_ws/src/mec_firmware' with build type 'ament_cmake'
[0.630s] INFO:colcon.colcon_cmake.task.cmake.build:Building CMake package in '/home/bill8/mec_ws/mec_ws/src/mec_firmware'
[0.630s] INFO:colcon.colcon_core.shell:Skip shell extension 'powershell' for command environment: Not usable outside of PowerShell
[0.630s] DEBUG:colcon.colcon_core.shell:Skip shell extension 'dsv' for command environment
[0.634s] INFO:colcon.colcon_ros.task.ament_cmake.build:Building ROS package in '/home/bill8/mec_ws/mec_ws/src/my_cpp_pkg' with build type 'ament_cmake'
[0.634s] INFO:colcon.colcon_cmake.task.cmake.build:Building CMake package in '/home/bill8/mec_ws/mec_ws/src/my_cpp_pkg'
[0.634s] INFO:colcon.colcon_core.shell:Skip shell extension 'powershell' for command environment: Not usable outside of PowerShell
[0.634s] DEBUG:colcon.colcon_core.shell:Skip shell extension 'dsv' for command environment
[0.642s] DEBUG:colcon.colcon_core.event_handler.log_command:Invoking command in '/home/bill8/mec_ws/mec_ws/build/bill_interfaces': CMAKE_PREFIX_PATH=/opt/ros/humble /usr/bin/cmake /home/bill8/mec_ws/mec_ws/src/bill_interfaces -DCMAKE_INSTALL_PREFIX=/home/bill8/mec_ws/mec_ws/install/bill_interfaces
[0.648s] DEBUG:colcon.colcon_core.event_handler.log_command:Invoking command in '/home/bill8/mec_ws/mec_ws/build/mec_description': CMAKE_PREFIX_PATH=/opt/ros/humble /usr/bin/cmake /home/bill8/mec_ws/mec_ws/src/mec_description -DCMAKE_INSTALL_PREFIX=/home/bill8/mec_ws/mec_ws/install/mec_description
[0.652s] DEBUG:colcon.colcon_core.event_handler.log_command:Invoking command in '/home/bill8/mec_ws/mec_ws/build/my_interfaces': CMAKE_PREFIX_PATH=/opt/ros/humble /usr/bin/cmake /home/bill8/mec_ws/mec_ws/src/my_interfaces -DCMAKE_INSTALL_PREFIX=/home/bill8/mec_ws/mec_ws/install/my_interfaces
[0.656s] DEBUG:colcon.colcon_core.event_handler.log_command:Invoking command in '/home/bill8/mec_ws/mec_ws/build/my_robot_description': CMAKE_PREFIX_PATH=/opt/ros/humble /usr/bin/cmake /home/bill8/mec_ws/mec_ws/src/my_robot_description -DCMAKE_INSTALL_PREFIX=/home/bill8/mec_ws/mec_ws/install/my_robot_description
[0.661s] DEBUG:colcon.colcon_core.event_handler.log_command:Invoking command in '/home/bill8/mec_ws/mec_ws/build/mec_firmware': CMAKE_PREFIX_PATH=/opt/ros/humble /usr/bin/cmake /home/bill8/mec_ws/mec_ws/src/mec_firmware -DCMAKE_INSTALL_PREFIX=/home/bill8/mec_ws/mec_ws/install/mec_firmware
[0.670s] DEBUG:colcon.colcon_core.event_handler.log_command:Invoking command in '/home/bill8/mec_ws/mec_ws/build/my_cpp_pkg': CMAKE_PREFIX_PATH=/opt/ros/humble /usr/bin/cmake /home/bill8/mec_ws/mec_ws/src/my_cpp_pkg -DCMAKE_INSTALL_PREFIX=/home/bill8/mec_ws/mec_ws/install/my_cpp_pkg
[1.893s] DEBUG:colcon.colcon_core.event_handler.log_command:Invoked command in '/home/bill8/mec_ws/mec_ws/build/mec_description' returned '0': CMAKE_PREFIX_PATH=/opt/ros/humble /usr/bin/cmake /home/bill8/mec_ws/mec_ws/src/mec_description -DCMAKE_INSTALL_PREFIX=/home/bill8/mec_ws/mec_ws/install/mec_description
[1.897s] DEBUG:colcon.colcon_core.event_handler.log_command:Invoking command in '/home/bill8/mec_ws/mec_ws/build/mec_description': CMAKE_PREFIX_PATH=/opt/ros/humble /usr/bin/cmake --build /home/bill8/mec_ws/mec_ws/build/mec_description -- -j16 -l16
[1.899s] DEBUG:colcon.colcon_core.event_handler.log_command:Invoked command in '/home/bill8/mec_ws/mec_ws/build/my_robot_description' returned '0': CMAKE_PREFIX_PATH=/opt/ros/humble /usr/bin/cmake /home/bill8/mec_ws/mec_ws/src/my_robot_description -DCMAKE_INSTALL_PREFIX=/home/bill8/mec_ws/mec_ws/install/my_robot_description
[1.903s] DEBUG:colcon.colcon_core.event_handler.log_command:Invoking command in '/home/bill8/mec_ws/mec_ws/build/my_robot_description': CMAKE_PREFIX_PATH=/opt/ros/humble /usr/bin/cmake --build /home/bill8/mec_ws/mec_ws/build/my_robot_description -- -j16 -l16
[1.960s] DEBUG:colcon.colcon_core.event_handler.log_command:Invoked command in '/home/bill8/mec_ws/mec_ws/build/mec_description' returned '0': CMAKE_PREFIX_PATH=/opt/ros/humble /usr/bin/cmake --build /home/bill8/mec_ws/mec_ws/build/mec_description -- -j16 -l16
[1.978s] DEBUG:colcon.colcon_core.event_handler.log_command:Invoking command in '/home/bill8/mec_ws/mec_ws/build/mec_description': CMAKE_PREFIX_PATH=/opt/ros/humble /usr/bin/cmake --install /home/bill8/mec_ws/mec_ws/build/mec_description
[1.980s] DEBUG:colcon.colcon_core.event_handler.log_command:Invoked command in '/home/bill8/mec_ws/mec_ws/build/my_robot_description' returned '0': CMAKE_PREFIX_PATH=/opt/ros/humble /usr/bin/cmake --build /home/bill8/mec_ws/mec_ws/build/my_robot_description -- -j16 -l16
[1.982s] DEBUG:colcon.colcon_core.event_handler.log_command:Invoking command in '/home/bill8/mec_ws/mec_ws/build/my_robot_description': CMAKE_PREFIX_PATH=/opt/ros/humble /usr/bin/cmake --install /home/bill8/mec_ws/mec_ws/build/my_robot_description
[1.995s] Level 1:colcon.colcon_core.environment:create_environment_scripts_only(mec_description)
[1.996s] DEBUG:colcon.colcon_core.event_handler.log_command:Invoked command in '/home/bill8/mec_ws/mec_ws/build/mec_description' returned '0': CMAKE_PREFIX_PATH=/opt/ros/humble /usr/bin/cmake --install /home/bill8/mec_ws/mec_ws/build/mec_description
[2.008s] Level 1:colcon.colcon_core.environment:checking '/home/bill8/mec_ws/mec_ws/install/mec_description' for CMake module files
[2.009s] Level 1:colcon.colcon_core.environment:checking '/home/bill8/mec_ws/mec_ws/install/mec_description' for CMake config files
[2.009s] Level 1:colcon.colcon_core.shell:create_environment_hook('mec_description', 'cmake_prefix_path')
[2.010s] INFO:colcon.colcon_core.shell:Creating environment hook '/home/bill8/mec_ws/mec_ws/install/mec_description/share/mec_description/hook/cmake_prefix_path.ps1'
[2.012s] INFO:colcon.colcon_core.shell:Creating environment descriptor '/home/bill8/mec_ws/mec_ws/install/mec_description/share/mec_description/hook/cmake_prefix_path.dsv'
[2.013s] INFO:colcon.colcon_core.shell:Creating environment hook '/home/bill8/mec_ws/mec_ws/install/mec_description/share/mec_description/hook/cmake_prefix_path.sh'
[2.016s] Level 1:colcon.colcon_core.environment:checking '/home/bill8/mec_ws/mec_ws/install/mec_description/bin'
[2.016s] Level 1:colcon.colcon_core.environment:checking '/home/bill8/mec_ws/mec_ws/install/mec_description/lib/pkgconfig/mec_description.pc'
[2.016s] Level 1:colcon.colcon_core.environment:checking '/home/bill8/mec_ws/mec_ws/install/mec_description/lib/python3.10/site-packages'
[2.017s] Level 1:colcon.colcon_core.environment:checking '/home/bill8/mec_ws/mec_ws/install/mec_description/bin'
[2.017s] INFO:colcon.colcon_core.shell:Creating package script '/home/bill8/mec_ws/mec_ws/install/mec_description/share/mec_description/package.ps1'
[2.019s] INFO:colcon.colcon_core.shell:Creating package descriptor '/home/bill8/mec_ws/mec_ws/install/mec_description/share/mec_description/package.dsv'
[2.021s] INFO:colcon.colcon_core.shell:Creating package script '/home/bill8/mec_ws/mec_ws/install/mec_description/share/mec_description/package.sh'
[2.023s] INFO:colcon.colcon_core.shell:Creating package script '/home/bill8/mec_ws/mec_ws/install/mec_description/share/mec_description/package.bash'
[2.025s] INFO:colcon.colcon_core.shell:Creating package script '/home/bill8/mec_ws/mec_ws/install/mec_description/share/mec_description/package.zsh'
[2.026s] Level 1:colcon.colcon_core.environment:create_file_with_runtime_dependencies(/home/bill8/mec_ws/mec_ws/install/mec_description/share/colcon-core/packages/mec_description)
[2.027s] Level 1:colcon.colcon_core.environment:create_environment_scripts_only(mec_description)
[2.028s] Level 1:colcon.colcon_core.environment:checking '/home/bill8/mec_ws/mec_ws/install/mec_description' for CMake module files
[2.028s] Level 1:colcon.colcon_core.environment:checking '/home/bill8/mec_ws/mec_ws/install/mec_description' for CMake config files
[2.029s] Level 1:colcon.colcon_core.shell:create_environment_hook('mec_description', 'cmake_prefix_path')
[2.029s] INFO:colcon.colcon_core.shell:Creating environment hook '/home/bill8/mec_ws/mec_ws/install/mec_description/share/mec_description/hook/cmake_prefix_path.ps1'
[2.030s] INFO:colcon.colcon_core.shell:Creating environment descriptor '/home/bill8/mec_ws/mec_ws/install/mec_description/share/mec_description/hook/cmake_prefix_path.dsv'
[2.030s] INFO:colcon.colcon_core.shell:Creating environment hook '/home/bill8/mec_ws/mec_ws/install/mec_description/share/mec_description/hook/cmake_prefix_path.sh'
[2.031s] Level 1:colcon.colcon_core.environment:checking '/home/bill8/mec_ws/mec_ws/install/mec_description/bin'
[2.031s] Level 1:colcon.colcon_core.environment:checking '/home/bill8/mec_ws/mec_ws/install/mec_description/lib/pkgconfig/mec_description.pc'
[2.032s] Level 1:colcon.colcon_core.environment:checking '/home/bill8/mec_ws/mec_ws/install/mec_description/lib/python3.10/site-packages'
[2.032s] Level 1:colcon.colcon_core.environment:checking '/home/bill8/mec_ws/mec_ws/install/mec_description/bin'
[2.033s] INFO:colcon.colcon_core.shell:Creating package script '/home/bill8/mec_ws/mec_ws/install/mec_description/share/mec_description/package.ps1'
[2.034s] INFO:colcon.colcon_core.shell:Creating package descriptor '/home/bill8/mec_ws/mec_ws/install/mec_description/share/mec_description/package.dsv'
[2.034s] INFO:colcon.colcon_core.shell:Creating package script '/home/bill8/mec_ws/mec_ws/install/mec_description/share/mec_description/package.sh'
[2.035s] INFO:colcon.colcon_core.shell:Creating package script '/home/bill8/mec_ws/mec_ws/install/mec_description/share/mec_description/package.bash'
[2.036s] INFO:colcon.colcon_core.shell:Creating package script '/home/bill8/mec_ws/mec_ws/install/mec_description/share/mec_description/package.zsh'
[2.036s] Level 1:colcon.colcon_core.environment:create_file_with_runtime_dependencies(/home/bill8/mec_ws/mec_ws/install/mec_description/share/colcon-core/packages/mec_description)
[2.037s] INFO:colcon.colcon_ros.task.ament_cmake.build:Building ROS package in '/home/bill8/mec_ws/mec_ws/src/mec_bringup' with build type 'ament_cmake'
[2.037s] INFO:colcon.colcon_cmake.task.cmake.build:Building CMake package in '/home/bill8/mec_ws/mec_ws/src/mec_bringup'
[2.037s] INFO:colcon.colcon_core.shell:Skip shell extension 'powershell' for command environment: Not usable outside of PowerShell
[2.037s] DEBUG:colcon.colcon_core.shell:Skip shell extension 'dsv' for command environment
[2.047s] Level 1:colcon.colcon_core.environment:create_environment_scripts_only(my_robot_description)
[2.048s] Level 1:colcon.colcon_core.environment:checking '/home/bill8/mec_ws/mec_ws/install/my_robot_description' for CMake module files
[2.049s] DEBUG:colcon.colcon_core.event_handler.log_command:Invoked command in '/home/bill8/mec_ws/mec_ws/build/my_robot_description' returned '0': CMAKE_PREFIX_PATH=/opt/ros/humble /usr/bin/cmake --install /home/bill8/mec_ws/mec_ws/build/my_robot_description
[2.051s] Level 1:colcon.colcon_core.environment:checking '/home/bill8/mec_ws/mec_ws/install/my_robot_description' for CMake config files
[2.051s] Level 1:colcon.colcon_core.shell:create_environment_hook('my_robot_description', 'cmake_prefix_path')
[2.052s] INFO:colcon.colcon_core.shell:Creating environment hook '/home/bill8/mec_ws/mec_ws/install/my_robot_description/share/my_robot_description/hook/cmake_prefix_path.ps1'
[2.053s] INFO:colcon.colcon_core.shell:Creating environment descriptor '/home/bill8/mec_ws/mec_ws/install/my_robot_description/share/my_robot_description/hook/cmake_prefix_path.dsv'
[2.054s] INFO:colcon.colcon_core.shell:Creating environment hook '/home/bill8/mec_ws/mec_ws/install/my_robot_description/share/my_robot_description/hook/cmake_prefix_path.sh'
[2.055s] Level 1:colcon.colcon_core.environment:checking '/home/bill8/mec_ws/mec_ws/install/my_robot_description/bin'
[2.055s] Level 1:colcon.colcon_core.environment:checking '/home/bill8/mec_ws/mec_ws/install/my_robot_description/lib/pkgconfig/my_robot_description.pc'
[2.056s] Level 1:colcon.colcon_core.environment:checking '/home/bill8/mec_ws/mec_ws/install/my_robot_description/lib/python3.10/site-packages'
[2.056s] Level 1:colcon.colcon_core.environment:checking '/home/bill8/mec_ws/mec_ws/install/my_robot_description/bin'
[2.057s] INFO:colcon.colcon_core.shell:Creating package script '/home/bill8/mec_ws/mec_ws/install/my_robot_description/share/my_robot_description/package.ps1'
[2.058s] INFO:colcon.colcon_core.shell:Creating package descriptor '/home/bill8/mec_ws/mec_ws/install/my_robot_description/share/my_robot_description/package.dsv'
[2.059s] INFO:colcon.colcon_core.shell:Creating package script '/home/bill8/mec_ws/mec_ws/install/my_robot_description/share/my_robot_description/package.sh'
[2.060s] INFO:colcon.colcon_core.shell:Creating package script '/home/bill8/mec_ws/mec_ws/install/my_robot_description/share/my_robot_description/package.bash'
[2.061s] INFO:colcon.colcon_core.shell:Creating package script '/home/bill8/mec_ws/mec_ws/install/my_robot_description/share/my_robot_description/package.zsh'
[2.062s] Level 1:colcon.colcon_core.environment:create_file_with_runtime_dependencies(/home/bill8/mec_ws/mec_ws/install/my_robot_description/share/colcon-core/packages/my_robot_description)
[2.063s] Level 1:colcon.colcon_core.environment:create_environment_scripts_only(my_robot_description)
[2.063s] Level 1:colcon.colcon_core.environment:checking '/home/bill8/mec_ws/mec_ws/install/my_robot_description' for CMake module files
[2.064s] Level 1:colcon.colcon_core.environment:checking '/home/bill8/mec_ws/mec_ws/install/my_robot_description' for CMake config files
[2.064s] Level 1:colcon.colcon_core.shell:create_environment_hook('my_robot_description', 'cmake_prefix_path')
[2.064s] INFO:colcon.colcon_core.shell:Creating environment hook '/home/bill8/mec_ws/mec_ws/install/my_robot_description/share/my_robot_description/hook/cmake_prefix_path.ps1'
[2.065s] INFO:colcon.colcon_core.shell:Creating environment descriptor '/home/bill8/mec_ws/mec_ws/install/my_robot_description/share/my_robot_description/hook/cmake_prefix_path.dsv'
[2.066s] INFO:colcon.colcon_core.shell:Creating environment hook '/home/bill8/mec_ws/mec_ws/install/my_robot_description/share/my_robot_description/hook/cmake_prefix_path.sh'
[2.067s] Level 1:colcon.colcon_core.environment:checking '/home/bill8/mec_ws/mec_ws/install/my_robot_description/bin'
[2.067s] Level 1:colcon.colcon_core.environment:checking '/home/bill8/mec_ws/mec_ws/install/my_robot_description/lib/pkgconfig/my_robot_description.pc'
[2.067s] Level 1:colcon.colcon_core.environment:checking '/home/bill8/mec_ws/mec_ws/install/my_robot_description/lib/python3.10/site-packages'
[2.068s] Level 1:colcon.colcon_core.environment:checking '/home/bill8/mec_ws/mec_ws/install/my_robot_description/bin'
[2.068s] INFO:colcon.colcon_core.shell:Creating package script '/home/bill8/mec_ws/mec_ws/install/my_robot_description/share/my_robot_description/package.ps1'
[2.069s] INFO:colcon.colcon_core.shell:Creating package descriptor '/home/bill8/mec_ws/mec_ws/install/my_robot_description/share/my_robot_description/package.dsv'
[2.070s] INFO:colcon.colcon_core.shell:Creating package script '/home/bill8/mec_ws/mec_ws/install/my_robot_description/share/my_robot_description/package.sh'
[2.071s] INFO:colcon.colcon_core.shell:Creating package script '/home/bill8/mec_ws/mec_ws/install/my_robot_description/share/my_robot_description/package.bash'
[2.071s] INFO:colcon.colcon_core.shell:Creating package script '/home/bill8/mec_ws/mec_ws/install/my_robot_description/share/my_robot_description/package.zsh'
[2.072s] Level 1:colcon.colcon_core.environment:create_file_with_runtime_dependencies(/home/bill8/mec_ws/mec_ws/install/my_robot_description/share/colcon-core/packages/my_robot_description)
[2.073s] INFO:colcon.colcon_ros.task.ament_cmake.build:Building ROS package in '/home/bill8/mec_ws/mec_ws/src/my_robot_bringup' with build type 'ament_cmake'
[2.074s] INFO:colcon.colcon_cmake.task.cmake.build:Building CMake package in '/home/bill8/mec_ws/mec_ws/src/my_robot_bringup'
[2.074s] INFO:colcon.colcon_core.shell:Skip shell extension 'powershell' for command environment: Not usable outside of PowerShell
[2.074s] DEBUG:colcon.colcon_core.shell:Skip shell extension 'dsv' for command environment
[2.087s] DEBUG:colcon.colcon_core.event_handler.log_command:Invoking command in '/home/bill8/mec_ws/mec_ws/build/mec_bringup': AMENT_PREFIX_PATH=/home/bill8/mec_ws/mec_ws/install/mec_description:${AMENT_PREFIX_PATH} CMAKE_PREFIX_PATH=/home/bill8/mec_ws/mec_ws/install/mec_description:/opt/ros/humble /usr/bin/cmake /home/bill8/mec_ws/mec_ws/src/mec_bringup -DCMAKE_INSTALL_PREFIX=/home/bill8/mec_ws/mec_ws/install/mec_bringup
[2.092s] DEBUG:colcon.colcon_core.event_handler.log_command:Invoking command in '/home/bill8/mec_ws/mec_ws/build/my_robot_bringup': AMENT_PREFIX_PATH=/home/bill8/mec_ws/mec_ws/install/my_robot_description:${AMENT_PREFIX_PATH} CMAKE_PREFIX_PATH=/home/bill8/mec_ws/mec_ws/install/my_robot_description:/opt/ros/humble /usr/bin/cmake /home/bill8/mec_ws/mec_ws/src/my_robot_bringup -DCMAKE_INSTALL_PREFIX=/home/bill8/mec_ws/mec_ws/install/my_robot_bringup
[3.025s] DEBUG:colcon.colcon_core.event_handler.log_command:Invoked command in '/home/bill8/mec_ws/mec_ws/build/my_cpp_pkg' returned '0': CMAKE_PREFIX_PATH=/opt/ros/humble /usr/bin/cmake /home/bill8/mec_ws/mec_ws/src/my_cpp_pkg -DCMAKE_INSTALL_PREFIX=/home/bill8/mec_ws/mec_ws/install/my_cpp_pkg
[3.029s] DEBUG:colcon.colcon_core.event_handler.log_command:Invoking command in '/home/bill8/mec_ws/mec_ws/build/my_cpp_pkg': CMAKE_PREFIX_PATH=/opt/ros/humble /usr/bin/cmake --build /home/bill8/mec_ws/mec_ws/build/my_cpp_pkg -- -j16 -l16
[3.097s] DEBUG:colcon.colcon_core.event_handler.log_command:Invoked command in '/home/bill8/mec_ws/mec_ws/build/my_cpp_pkg' returned '0': CMAKE_PREFIX_PATH=/opt/ros/humble /usr/bin/cmake --build /home/bill8/mec_ws/mec_ws/build/my_cpp_pkg -- -j16 -l16
[3.100s] DEBUG:colcon.colcon_core.event_handler.log_command:Invoking command in '/home/bill8/mec_ws/mec_ws/build/my_cpp_pkg': CMAKE_PREFIX_PATH=/opt/ros/humble /usr/bin/cmake --install /home/bill8/mec_ws/mec_ws/build/my_cpp_pkg
[3.117s] Level 1:colcon.colcon_core.environment:create_environment_scripts_only(my_cpp_pkg)
[3.118s] Level 1:colcon.colcon_core.environment:checking '/home/bill8/mec_ws/mec_ws/install/my_cpp_pkg' for CMake module files
[3.119s] DEBUG:colcon.colcon_core.event_handler.log_command:Invoked command in '/home/bill8/mec_ws/mec_ws/build/my_cpp_pkg' returned '0': CMAKE_PREFIX_PATH=/opt/ros/humble /usr/bin/cmake --install /home/bill8/mec_ws/mec_ws/build/my_cpp_pkg
[3.120s] Level 1:colcon.colcon_core.environment:checking '/home/bill8/mec_ws/mec_ws/install/my_cpp_pkg' for CMake config files
[3.120s] Level 1:colcon.colcon_core.shell:create_environment_hook('my_cpp_pkg', 'cmake_prefix_path')
[3.120s] INFO:colcon.colcon_core.shell:Creating environment hook '/home/bill8/mec_ws/mec_ws/install/my_cpp_pkg/share/my_cpp_pkg/hook/cmake_prefix_path.ps1'
[3.121s] INFO:colcon.colcon_core.shell:Creating environment descriptor '/home/bill8/mec_ws/mec_ws/install/my_cpp_pkg/share/my_cpp_pkg/hook/cmake_prefix_path.dsv'
[3.122s] INFO:colcon.colcon_core.shell:Creating environment hook '/home/bill8/mec_ws/mec_ws/install/my_cpp_pkg/share/my_cpp_pkg/hook/cmake_prefix_path.sh'
[3.123s] Level 1:colcon.colcon_core.environment:checking '/home/bill8/mec_ws/mec_ws/install/my_cpp_pkg/bin'
[3.124s] Level 1:colcon.colcon_core.environment:checking '/home/bill8/mec_ws/mec_ws/install/my_cpp_pkg/lib/pkgconfig/my_cpp_pkg.pc'
[3.124s] Level 1:colcon.colcon_core.environment:checking '/home/bill8/mec_ws/mec_ws/install/my_cpp_pkg/lib/python3.10/site-packages'
[3.125s] Level 1:colcon.colcon_core.environment:checking '/home/bill8/mec_ws/mec_ws/install/my_cpp_pkg/bin'
[3.125s] INFO:colcon.colcon_core.shell:Creating package script '/home/bill8/mec_ws/mec_ws/install/my_cpp_pkg/share/my_cpp_pkg/package.ps1'
[3.126s] INFO:colcon.colcon_core.shell:Creating package descriptor '/home/bill8/mec_ws/mec_ws/install/my_cpp_pkg/share/my_cpp_pkg/package.dsv'
[3.128s] INFO:colcon.colcon_core.shell:Creating package script '/home/bill8/mec_ws/mec_ws/install/my_cpp_pkg/share/my_cpp_pkg/package.sh'
[3.129s] INFO:colcon.colcon_core.shell:Creating package script '/home/bill8/mec_ws/mec_ws/install/my_cpp_pkg/share/my_cpp_pkg/package.bash'
[3.129s] INFO:colcon.colcon_core.shell:Creating package script '/home/bill8/mec_ws/mec_ws/install/my_cpp_pkg/share/my_cpp_pkg/package.zsh'
[3.130s] Level 1:colcon.colcon_core.environment:create_file_with_runtime_dependencies(/home/bill8/mec_ws/mec_ws/install/my_cpp_pkg/share/colcon-core/packages/my_cpp_pkg)
[3.132s] Level 1:colcon.colcon_core.environment:create_environment_scripts_only(my_cpp_pkg)
[3.132s] Level 1:colcon.colcon_core.environment:checking '/home/bill8/mec_ws/mec_ws/install/my_cpp_pkg' for CMake module files
[3.133s] Level 1:colcon.colcon_core.environment:checking '/home/bill8/mec_ws/mec_ws/install/my_cpp_pkg' for CMake config files
[3.134s] Level 1:colcon.colcon_core.shell:create_environment_hook('my_cpp_pkg', 'cmake_prefix_path')
[3.134s] INFO:colcon.colcon_core.shell:Creating environment hook '/home/bill8/mec_ws/mec_ws/install/my_cpp_pkg/share/my_cpp_pkg/hook/cmake_prefix_path.ps1'
[3.135s] INFO:colcon.colcon_core.shell:Creating environment descriptor '/home/bill8/mec_ws/mec_ws/install/my_cpp_pkg/share/my_cpp_pkg/hook/cmake_prefix_path.dsv'
[3.136s] INFO:colcon.colcon_core.shell:Creating environment hook '/home/bill8/mec_ws/mec_ws/install/my_cpp_pkg/share/my_cpp_pkg/hook/cmake_prefix_path.sh'
[3.137s] Level 1:colcon.colcon_core.environment:checking '/home/bill8/mec_ws/mec_ws/install/my_cpp_pkg/bin'
[3.138s] Level 1:colcon.colcon_core.environment:checking '/home/bill8/mec_ws/mec_ws/install/my_cpp_pkg/lib/pkgconfig/my_cpp_pkg.pc'
[3.138s] Level 1:colcon.colcon_core.environment:checking '/home/bill8/mec_ws/mec_ws/install/my_cpp_pkg/lib/python3.10/site-packages'
[3.139s] Level 1:colcon.colcon_core.environment:checking '/home/bill8/mec_ws/mec_ws/install/my_cpp_pkg/bin'
[3.139s] INFO:colcon.colcon_core.shell:Creating package script '/home/bill8/mec_ws/mec_ws/install/my_cpp_pkg/share/my_cpp_pkg/package.ps1'
[3.141s] INFO:colcon.colcon_core.shell:Creating package descriptor '/home/bill8/mec_ws/mec_ws/install/my_cpp_pkg/share/my_cpp_pkg/package.dsv'
[3.142s] INFO:colcon.colcon_core.shell:Creating package script '/home/bill8/mec_ws/mec_ws/install/my_cpp_pkg/share/my_cpp_pkg/package.sh'
[3.143s] INFO:colcon.colcon_core.shell:Creating package script '/home/bill8/mec_ws/mec_ws/install/my_cpp_pkg/share/my_cpp_pkg/package.bash'
[3.144s] INFO:colcon.colcon_core.shell:Creating package script '/home/bill8/mec_ws/mec_ws/install/my_cpp_pkg/share/my_cpp_pkg/package.zsh'
[3.145s] Level 1:colcon.colcon_core.environment:create_file_with_runtime_dependencies(/home/bill8/mec_ws/mec_ws/install/my_cpp_pkg/share/colcon-core/packages/my_cpp_pkg)
[3.230s] DEBUG:colcon.colcon_core.event_handler.log_command:Invoked command in '/home/bill8/mec_ws/mec_ws/build/my_robot_bringup' returned '0': AMENT_PREFIX_PATH=/home/bill8/mec_ws/mec_ws/install/my_robot_description:${AMENT_PREFIX_PATH} CMAKE_PREFIX_PATH=/home/bill8/mec_ws/mec_ws/install/my_robot_description:/opt/ros/humble /usr/bin/cmake /home/bill8/mec_ws/mec_ws/src/my_robot_bringup -DCMAKE_INSTALL_PREFIX=/home/bill8/mec_ws/mec_ws/install/my_robot_bringup
[3.233s] DEBUG:colcon.colcon_core.event_handler.log_command:Invoking command in '/home/bill8/mec_ws/mec_ws/build/my_robot_bringup': AMENT_PREFIX_PATH=/home/bill8/mec_ws/mec_ws/install/my_robot_description:${AMENT_PREFIX_PATH} CMAKE_PREFIX_PATH=/home/bill8/mec_ws/mec_ws/install/my_robot_description:/opt/ros/humble /usr/bin/cmake --build /home/bill8/mec_ws/mec_ws/build/my_robot_bringup -- -j16 -l16
[3.256s] DEBUG:colcon.colcon_core.event_handler.log_command:Invoked command in '/home/bill8/mec_ws/mec_ws/build/mec_bringup' returned '0': AMENT_PREFIX_PATH=/home/bill8/mec_ws/mec_ws/install/mec_description:${AMENT_PREFIX_PATH} CMAKE_PREFIX_PATH=/home/bill8/mec_ws/mec_ws/install/mec_description:/opt/ros/humble /usr/bin/cmake /home/bill8/mec_ws/mec_ws/src/mec_bringup -DCMAKE_INSTALL_PREFIX=/home/bill8/mec_ws/mec_ws/install/mec_bringup
[3.260s] DEBUG:colcon.colcon_core.event_handler.log_command:Invoking command in '/home/bill8/mec_ws/mec_ws/build/mec_bringup': AMENT_PREFIX_PATH=/home/bill8/mec_ws/mec_ws/install/mec_description:${AMENT_PREFIX_PATH} CMAKE_PREFIX_PATH=/home/bill8/mec_ws/mec_ws/install/mec_description:/opt/ros/humble /usr/bin/cmake --build /home/bill8/mec_ws/mec_ws/build/mec_bringup -- -j16 -l16
[3.298s] DEBUG:colcon.colcon_core.event_handler.log_command:Invoked command in '/home/bill8/mec_ws/mec_ws/build/my_robot_bringup' returned '0': AMENT_PREFIX_PATH=/home/bill8/mec_ws/mec_ws/install/my_robot_description:${AMENT_PREFIX_PATH} CMAKE_PREFIX_PATH=/home/bill8/mec_ws/mec_ws/install/my_robot_description:/opt/ros/humble /usr/bin/cmake --build /home/bill8/mec_ws/mec_ws/build/my_robot_bringup -- -j16 -l16
[3.302s] DEBUG:colcon.colcon_core.event_handler.log_command:Invoking command in '/home/bill8/mec_ws/mec_ws/build/my_robot_bringup': AMENT_PREFIX_PATH=/home/bill8/mec_ws/mec_ws/install/my_robot_description:${AMENT_PREFIX_PATH} CMAKE_PREFIX_PATH=/home/bill8/mec_ws/mec_ws/install/my_robot_description:/opt/ros/humble /usr/bin/cmake --install /home/bill8/mec_ws/mec_ws/build/my_robot_bringup
[3.321s] Level 1:colcon.colcon_core.environment:create_environment_scripts_only(my_robot_bringup)
[3.322s] Level 1:colcon.colcon_core.environment:checking '/home/bill8/mec_ws/mec_ws/install/my_robot_bringup' for CMake module files
[3.322s] DEBUG:colcon.colcon_core.event_handler.log_command:Invoked command in '/home/bill8/mec_ws/mec_ws/build/my_robot_bringup' returned '0': AMENT_PREFIX_PATH=/home/bill8/mec_ws/mec_ws/install/my_robot_description:${AMENT_PREFIX_PATH} CMAKE_PREFIX_PATH=/home/bill8/mec_ws/mec_ws/install/my_robot_description:/opt/ros/humble /usr/bin/cmake --install /home/bill8/mec_ws/mec_ws/build/my_robot_bringup
[3.324s] Level 1:colcon.colcon_core.environment:checking '/home/bill8/mec_ws/mec_ws/install/my_robot_bringup' for CMake config files
[3.324s] Level 1:colcon.colcon_core.shell:create_environment_hook('my_robot_bringup', 'cmake_prefix_path')
[3.325s] INFO:colcon.colcon_core.shell:Creating environment hook '/home/bill8/mec_ws/mec_ws/install/my_robot_bringup/share/my_robot_bringup/hook/cmake_prefix_path.ps1'
[3.326s] INFO:colcon.colcon_core.shell:Creating environment descriptor '/home/bill8/mec_ws/mec_ws/install/my_robot_bringup/share/my_robot_bringup/hook/cmake_prefix_path.dsv'
[3.326s] INFO:colcon.colcon_core.shell:Creating environment hook '/home/bill8/mec_ws/mec_ws/install/my_robot_bringup/share/my_robot_bringup/hook/cmake_prefix_path.sh'
[3.327s] Level 1:colcon.colcon_core.environment:checking '/home/bill8/mec_ws/mec_ws/install/my_robot_bringup/bin'
[3.327s] Level 1:colcon.colcon_core.environment:checking '/home/bill8/mec_ws/mec_ws/install/my_robot_bringup/lib/pkgconfig/my_robot_bringup.pc'
[3.328s] Level 1:colcon.colcon_core.environment:checking '/home/bill8/mec_ws/mec_ws/install/my_robot_bringup/lib/python3.10/site-packages'
[3.328s] Level 1:colcon.colcon_core.environment:checking '/home/bill8/mec_ws/mec_ws/install/my_robot_bringup/bin'
[3.329s] INFO:colcon.colcon_core.shell:Creating package script '/home/bill8/mec_ws/mec_ws/install/my_robot_bringup/share/my_robot_bringup/package.ps1'
[3.330s] INFO:colcon.colcon_core.shell:Creating package descriptor '/home/bill8/mec_ws/mec_ws/install/my_robot_bringup/share/my_robot_bringup/package.dsv'
[3.330s] INFO:colcon.colcon_core.shell:Creating package script '/home/bill8/mec_ws/mec_ws/install/my_robot_bringup/share/my_robot_bringup/package.sh'
[3.331s] INFO:colcon.colcon_core.shell:Creating package script '/home/bill8/mec_ws/mec_ws/install/my_robot_bringup/share/my_robot_bringup/package.bash'
[3.331s] INFO:colcon.colcon_core.shell:Creating package script '/home/bill8/mec_ws/mec_ws/install/my_robot_bringup/share/my_robot_bringup/package.zsh'
[3.332s] Level 1:colcon.colcon_core.environment:create_file_with_runtime_dependencies(/home/bill8/mec_ws/mec_ws/install/my_robot_bringup/share/colcon-core/packages/my_robot_bringup)
[3.333s] Level 1:colcon.colcon_core.environment:create_environment_scripts_only(my_robot_bringup)
[3.333s] Level 1:colcon.colcon_core.environment:checking '/home/bill8/mec_ws/mec_ws/install/my_robot_bringup' for CMake module files
[3.334s] Level 1:colcon.colcon_core.environment:checking '/home/bill8/mec_ws/mec_ws/install/my_robot_bringup' for CMake config files
[3.334s] Level 1:colcon.colcon_core.shell:create_environment_hook('my_robot_bringup', 'cmake_prefix_path')
[3.335s] INFO:colcon.colcon_core.shell:Creating environment hook '/home/bill8/mec_ws/mec_ws/install/my_robot_bringup/share/my_robot_bringup/hook/cmake_prefix_path.ps1'
[3.335s] INFO:colcon.colcon_core.shell:Creating environment descriptor '/home/bill8/mec_ws/mec_ws/install/my_robot_bringup/share/my_robot_bringup/hook/cmake_prefix_path.dsv'
[3.336s] INFO:colcon.colcon_core.shell:Creating environment hook '/home/bill8/mec_ws/mec_ws/install/my_robot_bringup/share/my_robot_bringup/hook/cmake_prefix_path.sh'
[3.337s] Level 1:colcon.colcon_core.environment:checking '/home/bill8/mec_ws/mec_ws/install/my_robot_bringup/bin'
[3.337s] Level 1:colcon.colcon_core.environment:checking '/home/bill8/mec_ws/mec_ws/install/my_robot_bringup/lib/pkgconfig/my_robot_bringup.pc'
[3.337s] Level 1:colcon.colcon_core.environment:checking '/home/bill8/mec_ws/mec_ws/install/my_robot_bringup/lib/python3.10/site-packages'
[3.338s] Level 1:colcon.colcon_core.environment:checking '/home/bill8/mec_ws/mec_ws/install/my_robot_bringup/bin'
[3.338s] INFO:colcon.colcon_core.shell:Creating package script '/home/bill8/mec_ws/mec_ws/install/my_robot_bringup/share/my_robot_bringup/package.ps1'
[3.339s] INFO:colcon.colcon_core.shell:Creating package descriptor '/home/bill8/mec_ws/mec_ws/install/my_robot_bringup/share/my_robot_bringup/package.dsv'
[3.340s] INFO:colcon.colcon_core.shell:Creating package script '/home/bill8/mec_ws/mec_ws/install/my_robot_bringup/share/my_robot_bringup/package.sh'
[3.340s] INFO:colcon.colcon_core.shell:Creating package script '/home/bill8/mec_ws/mec_ws/install/my_robot_bringup/share/my_robot_bringup/package.bash'
[3.341s] INFO:colcon.colcon_core.shell:Creating package script '/home/bill8/mec_ws/mec_ws/install/my_robot_bringup/share/my_robot_bringup/package.zsh'
[3.342s] Level 1:colcon.colcon_core.environment:create_file_with_runtime_dependencies(/home/bill8/mec_ws/mec_ws/install/my_robot_bringup/share/colcon-core/packages/my_robot_bringup)
[3.344s] DEBUG:colcon.colcon_core.event_handler.log_command:Invoked command in '/home/bill8/mec_ws/mec_ws/build/mec_bringup' returned '0': AMENT_PREFIX_PATH=/home/bill8/mec_ws/mec_ws/install/mec_description:${AMENT_PREFIX_PATH} CMAKE_PREFIX_PATH=/home/bill8/mec_ws/mec_ws/install/mec_description:/opt/ros/humble /usr/bin/cmake --build /home/bill8/mec_ws/mec_ws/build/mec_bringup -- -j16 -l16
[3.346s] DEBUG:colcon.colcon_core.event_handler.log_command:Invoking command in '/home/bill8/mec_ws/mec_ws/build/mec_bringup': AMENT_PREFIX_PATH=/home/bill8/mec_ws/mec_ws/install/mec_description:${AMENT_PREFIX_PATH} CMAKE_PREFIX_PATH=/home/bill8/mec_ws/mec_ws/install/mec_description:/opt/ros/humble /usr/bin/cmake --install /home/bill8/mec_ws/mec_ws/build/mec_bringup
[3.367s] Level 1:colcon.colcon_core.environment:create_environment_scripts_only(mec_bringup)
[3.368s] Level 1:colcon.colcon_core.environment:checking '/home/bill8/mec_ws/mec_ws/install/mec_bringup' for CMake module files
[3.369s] DEBUG:colcon.colcon_core.event_handler.log_command:Invoked command in '/home/bill8/mec_ws/mec_ws/build/mec_bringup' returned '0': AMENT_PREFIX_PATH=/home/bill8/mec_ws/mec_ws/install/mec_description:${AMENT_PREFIX_PATH} CMAKE_PREFIX_PATH=/home/bill8/mec_ws/mec_ws/install/mec_description:/opt/ros/humble /usr/bin/cmake --install /home/bill8/mec_ws/mec_ws/build/mec_bringup
[3.370s] Level 1:colcon.colcon_core.environment:checking '/home/bill8/mec_ws/mec_ws/install/mec_bringup' for CMake config files
[3.370s] Level 1:colcon.colcon_core.shell:create_environment_hook('mec_bringup', 'cmake_prefix_path')
[3.371s] INFO:colcon.colcon_core.shell:Creating environment hook '/home/bill8/mec_ws/mec_ws/install/mec_bringup/share/mec_bringup/hook/cmake_prefix_path.ps1'
[3.371s] INFO:colcon.colcon_core.shell:Creating environment descriptor '/home/bill8/mec_ws/mec_ws/install/mec_bringup/share/mec_bringup/hook/cmake_prefix_path.dsv'
[3.372s] INFO:colcon.colcon_core.shell:Creating environment hook '/home/bill8/mec_ws/mec_ws/install/mec_bringup/share/mec_bringup/hook/cmake_prefix_path.sh'
[3.373s] Level 1:colcon.colcon_core.environment:checking '/home/bill8/mec_ws/mec_ws/install/mec_bringup/bin'
[3.373s] Level 1:colcon.colcon_core.environment:checking '/home/bill8/mec_ws/mec_ws/install/mec_bringup/lib/pkgconfig/mec_bringup.pc'
[3.374s] Level 1:colcon.colcon_core.environment:checking '/home/bill8/mec_ws/mec_ws/install/mec_bringup/lib/python3.10/site-packages'
[3.374s] Level 1:colcon.colcon_core.environment:checking '/home/bill8/mec_ws/mec_ws/install/mec_bringup/bin'
[3.374s] INFO:colcon.colcon_core.shell:Creating package script '/home/bill8/mec_ws/mec_ws/install/mec_bringup/share/mec_bringup/package.ps1'
[3.375s] INFO:colcon.colcon_core.shell:Creating package descriptor '/home/bill8/mec_ws/mec_ws/install/mec_bringup/share/mec_bringup/package.dsv'
[3.376s] INFO:colcon.colcon_core.shell:Creating package script '/home/bill8/mec_ws/mec_ws/install/mec_bringup/share/mec_bringup/package.sh'
[3.376s] INFO:colcon.colcon_core.shell:Creating package script '/home/bill8/mec_ws/mec_ws/install/mec_bringup/share/mec_bringup/package.bash'
[3.377s] INFO:colcon.colcon_core.shell:Creating package script '/home/bill8/mec_ws/mec_ws/install/mec_bringup/share/mec_bringup/package.zsh'
[3.377s] Level 1:colcon.colcon_core.environment:create_file_with_runtime_dependencies(/home/bill8/mec_ws/mec_ws/install/mec_bringup/share/colcon-core/packages/mec_bringup)
[3.378s] Level 1:colcon.colcon_core.environment:create_environment_scripts_only(mec_bringup)
[3.379s] Level 1:colcon.colcon_core.environment:checking '/home/bill8/mec_ws/mec_ws/install/mec_bringup' for CMake module files
[3.380s] Level 1:colcon.colcon_core.environment:checking '/home/bill8/mec_ws/mec_ws/install/mec_bringup' for CMake config files
[3.380s] Level 1:colcon.colcon_core.shell:create_environment_hook('mec_bringup', 'cmake_prefix_path')
[3.380s] INFO:colcon.colcon_core.shell:Creating environment hook '/home/bill8/mec_ws/mec_ws/install/mec_bringup/share/mec_bringup/hook/cmake_prefix_path.ps1'
[3.381s] INFO:colcon.colcon_core.shell:Creating environment descriptor '/home/bill8/mec_ws/mec_ws/install/mec_bringup/share/mec_bringup/hook/cmake_prefix_path.dsv'
[3.381s] INFO:colcon.colcon_core.shell:Creating environment hook '/home/bill8/mec_ws/mec_ws/install/mec_bringup/share/mec_bringup/hook/cmake_prefix_path.sh'
[3.382s] Level 1:colcon.colcon_core.environment:checking '/home/bill8/mec_ws/mec_ws/install/mec_bringup/bin'
[3.383s] Level 1:colcon.colcon_core.environment:checking '/home/bill8/mec_ws/mec_ws/install/mec_bringup/lib/pkgconfig/mec_bringup.pc'
[3.383s] Level 1:colcon.colcon_core.environment:checking '/home/bill8/mec_ws/mec_ws/install/mec_bringup/lib/python3.10/site-packages'
[3.383s] Level 1:colcon.colcon_core.environment:checking '/home/bill8/mec_ws/mec_ws/install/mec_bringup/bin'
[3.384s] INFO:colcon.colcon_core.shell:Creating package script '/home/bill8/mec_ws/mec_ws/install/mec_bringup/share/mec_bringup/package.ps1'
[3.385s] INFO:colcon.colcon_core.shell:Creating package descriptor '/home/bill8/mec_ws/mec_ws/install/mec_bringup/share/mec_bringup/package.dsv'
[3.386s] INFO:colcon.colcon_core.shell:Creating package script '/home/bill8/mec_ws/mec_ws/install/mec_bringup/share/mec_bringup/package.sh'
[3.386s] INFO:colcon.colcon_core.shell:Creating package script '/home/bill8/mec_ws/mec_ws/install/mec_bringup/share/mec_bringup/package.bash'
[3.387s] INFO:colcon.colcon_core.shell:Creating package script '/home/bill8/mec_ws/mec_ws/install/mec_bringup/share/mec_bringup/package.zsh'
[3.387s] Level 1:colcon.colcon_core.environment:create_file_with_runtime_dependencies(/home/bill8/mec_ws/mec_ws/install/mec_bringup/share/colcon-core/packages/mec_bringup)
[3.709s] DEBUG:colcon.colcon_core.event_handler.log_command:Invoked command in '/home/bill8/mec_ws/mec_ws/build/bill_interfaces' returned '0': CMAKE_PREFIX_PATH=/opt/ros/humble /usr/bin/cmake /home/bill8/mec_ws/mec_ws/src/bill_interfaces -DCMAKE_INSTALL_PREFIX=/home/bill8/mec_ws/mec_ws/install/bill_interfaces
[3.713s] DEBUG:colcon.colcon_core.event_handler.log_command:Invoking command in '/home/bill8/mec_ws/mec_ws/build/bill_interfaces': CMAKE_PREFIX_PATH=/opt/ros/humble /usr/bin/cmake --build /home/bill8/mec_ws/mec_ws/build/bill_interfaces -- -j16 -l16
[3.726s] DEBUG:colcon.colcon_core.event_handler.log_command:Invoked command in '/home/bill8/mec_ws/mec_ws/build/mec_firmware' returned '0': CMAKE_PREFIX_PATH=/opt/ros/humble /usr/bin/cmake /home/bill8/mec_ws/mec_ws/src/mec_firmware -DCMAKE_INSTALL_PREFIX=/home/bill8/mec_ws/mec_ws/install/mec_firmware
[3.729s] DEBUG:colcon.colcon_core.event_handler.log_command:Invoking command in '/home/bill8/mec_ws/mec_ws/build/mec_firmware': CMAKE_PREFIX_PATH=/opt/ros/humble /usr/bin/cmake --build /home/bill8/mec_ws/mec_ws/build/mec_firmware -- -j16 -l16
[3.740s] DEBUG:colcon.colcon_core.event_handler.log_command:Invoked command in '/home/bill8/mec_ws/mec_ws/build/my_interfaces' returned '0': CMAKE_PREFIX_PATH=/opt/ros/humble /usr/bin/cmake /home/bill8/mec_ws/mec_ws/src/my_interfaces -DCMAKE_INSTALL_PREFIX=/home/bill8/mec_ws/mec_ws/install/my_interfaces
[3.744s] DEBUG:colcon.colcon_core.event_handler.log_command:Invoking command in '/home/bill8/mec_ws/mec_ws/build/my_interfaces': CMAKE_PREFIX_PATH=/opt/ros/humble /usr/bin/cmake --build /home/bill8/mec_ws/mec_ws/build/my_interfaces -- -j16 -l16
[12.556s] DEBUG:colcon.colcon_core.event_handler.log_command:Invoked command in '/home/bill8/mec_ws/mec_ws/build/my_interfaces' returned '0': CMAKE_PREFIX_PATH=/opt/ros/humble /usr/bin/cmake --build /home/bill8/mec_ws/mec_ws/build/my_interfaces -- -j16 -l16
[12.557s] DEBUG:colcon.colcon_core.event_handler.log_command:Invoking command in '/home/bill8/mec_ws/mec_ws/build/my_interfaces': CMAKE_PREFIX_PATH=/opt/ros/humble /usr/bin/cmake --install /home/bill8/mec_ws/mec_ws/build/my_interfaces
[12.748s] Level 1:colcon.colcon_core.environment:create_environment_scripts_only(my_interfaces)
[12.749s] Level 1:colcon.colcon_core.environment:checking '/home/bill8/mec_ws/mec_ws/install/my_interfaces' for CMake module files
[12.750s] DEBUG:colcon.colcon_core.event_handler.log_command:Invoked command in '/home/bill8/mec_ws/mec_ws/build/my_interfaces' returned '0': CMAKE_PREFIX_PATH=/opt/ros/humble /usr/bin/cmake --install /home/bill8/mec_ws/mec_ws/build/my_interfaces
[12.752s] Level 1:colcon.colcon_core.environment:checking '/home/bill8/mec_ws/mec_ws/install/my_interfaces' for CMake config files
[12.753s] Level 1:colcon.colcon_core.shell:create_environment_hook('my_interfaces', 'cmake_prefix_path')
[12.754s] INFO:colcon.colcon_core.shell:Creating environment hook '/home/bill8/mec_ws/mec_ws/install/my_interfaces/share/my_interfaces/hook/cmake_prefix_path.ps1'
[12.755s] INFO:colcon.colcon_core.shell:Creating environment descriptor '/home/bill8/mec_ws/mec_ws/install/my_interfaces/share/my_interfaces/hook/cmake_prefix_path.dsv'
[12.756s] INFO:colcon.colcon_core.shell:Creating environment hook '/home/bill8/mec_ws/mec_ws/install/my_interfaces/share/my_interfaces/hook/cmake_prefix_path.sh'
[12.758s] Level 1:colcon.colcon_core.environment:checking '/home/bill8/mec_ws/mec_ws/install/my_interfaces/lib'
[12.758s] Level 1:colcon.colcon_core.shell:create_environment_hook('my_interfaces', 'ld_library_path_lib')
[12.759s] INFO:colcon.colcon_core.shell:Creating environment hook '/home/bill8/mec_ws/mec_ws/install/my_interfaces/share/my_interfaces/hook/ld_library_path_lib.ps1'
[12.760s] INFO:colcon.colcon_core.shell:Creating environment descriptor '/home/bill8/mec_ws/mec_ws/install/my_interfaces/share/my_interfaces/hook/ld_library_path_lib.dsv'
[12.761s] INFO:colcon.colcon_core.shell:Creating environment hook '/home/bill8/mec_ws/mec_ws/install/my_interfaces/share/my_interfaces/hook/ld_library_path_lib.sh'
[12.763s] Level 1:colcon.colcon_core.environment:checking '/home/bill8/mec_ws/mec_ws/install/my_interfaces/bin'
[12.763s] Level 1:colcon.colcon_core.environment:checking '/home/bill8/mec_ws/mec_ws/install/my_interfaces/lib/pkgconfig/my_interfaces.pc'
[12.763s] Level 1:colcon.colcon_core.environment:checking '/home/bill8/mec_ws/mec_ws/install/my_interfaces/lib/python3.10/site-packages'
[12.764s] Level 1:colcon.colcon_core.environment:checking '/home/bill8/mec_ws/mec_ws/install/my_interfaces/bin'
[12.765s] INFO:colcon.colcon_core.shell:Creating package script '/home/bill8/mec_ws/mec_ws/install/my_interfaces/share/my_interfaces/package.ps1'
[12.766s] INFO:colcon.colcon_core.shell:Creating package descriptor '/home/bill8/mec_ws/mec_ws/install/my_interfaces/share/my_interfaces/package.dsv'
[12.768s] INFO:colcon.colcon_core.shell:Creating package script '/home/bill8/mec_ws/mec_ws/install/my_interfaces/share/my_interfaces/package.sh'
[12.769s] INFO:colcon.colcon_core.shell:Creating package script '/home/bill8/mec_ws/mec_ws/install/my_interfaces/share/my_interfaces/package.bash'
[12.770s] INFO:colcon.colcon_core.shell:Creating package script '/home/bill8/mec_ws/mec_ws/install/my_interfaces/share/my_interfaces/package.zsh'
[12.771s] Level 1:colcon.colcon_core.environment:create_file_with_runtime_dependencies(/home/bill8/mec_ws/mec_ws/install/my_interfaces/share/colcon-core/packages/my_interfaces)
[12.773s] Level 1:colcon.colcon_core.environment:create_environment_scripts_only(my_interfaces)
[12.774s] Level 1:colcon.colcon_core.environment:checking '/home/bill8/mec_ws/mec_ws/install/my_interfaces' for CMake module files
[12.775s] Level 1:colcon.colcon_core.environment:checking '/home/bill8/mec_ws/mec_ws/install/my_interfaces' for CMake config files
[12.776s] Level 1:colcon.colcon_core.shell:create_environment_hook('my_interfaces', 'cmake_prefix_path')
[12.777s] INFO:colcon.colcon_core.shell:Creating environment hook '/home/bill8/mec_ws/mec_ws/install/my_interfaces/share/my_interfaces/hook/cmake_prefix_path.ps1'
[12.778s] INFO:colcon.colcon_core.shell:Creating environment descriptor '/home/bill8/mec_ws/mec_ws/install/my_interfaces/share/my_interfaces/hook/cmake_prefix_path.dsv'
[12.779s] INFO:colcon.colcon_core.shell:Creating environment hook '/home/bill8/mec_ws/mec_ws/install/my_interfaces/share/my_interfaces/hook/cmake_prefix_path.sh'
[12.781s] Level 1:colcon.colcon_core.environment:checking '/home/bill8/mec_ws/mec_ws/install/my_interfaces/lib'
[12.781s] Level 1:colcon.colcon_core.shell:create_environment_hook('my_interfaces', 'ld_library_path_lib')
[12.782s] INFO:colcon.colcon_core.shell:Creating environment hook '/home/bill8/mec_ws/mec_ws/install/my_interfaces/share/my_interfaces/hook/ld_library_path_lib.ps1'
[12.784s] INFO:colcon.colcon_core.shell:Creating environment descriptor '/home/bill8/mec_ws/mec_ws/install/my_interfaces/share/my_interfaces/hook/ld_library_path_lib.dsv'
[12.785s] INFO:colcon.colcon_core.shell:Creating environment hook '/home/bill8/mec_ws/mec_ws/install/my_interfaces/share/my_interfaces/hook/ld_library_path_lib.sh'
[12.786s] Level 1:colcon.colcon_core.environment:checking '/home/bill8/mec_ws/mec_ws/install/my_interfaces/bin'
[12.786s] Level 1:colcon.colcon_core.environment:checking '/home/bill8/mec_ws/mec_ws/install/my_interfaces/lib/pkgconfig/my_interfaces.pc'
[12.787s] Level 1:colcon.colcon_core.environment:checking '/home/bill8/mec_ws/mec_ws/install/my_interfaces/lib/python3.10/site-packages'
[12.788s] Level 1:colcon.colcon_core.environment:checking '/home/bill8/mec_ws/mec_ws/install/my_interfaces/bin'
[12.789s] INFO:colcon.colcon_core.shell:Creating package script '/home/bill8/mec_ws/mec_ws/install/my_interfaces/share/my_interfaces/package.ps1'
[12.790s] INFO:colcon.colcon_core.shell:Creating package descriptor '/home/bill8/mec_ws/mec_ws/install/my_interfaces/share/my_interfaces/package.dsv'
[12.792s] INFO:colcon.colcon_core.shell:Creating package script '/home/bill8/mec_ws/mec_ws/install/my_interfaces/share/my_interfaces/package.sh'
[12.793s] INFO:colcon.colcon_core.shell:Creating package script '/home/bill8/mec_ws/mec_ws/install/my_interfaces/share/my_interfaces/package.bash'
[12.794s] INFO:colcon.colcon_core.shell:Creating package script '/home/bill8/mec_ws/mec_ws/install/my_interfaces/share/my_interfaces/package.zsh'
[12.795s] Level 1:colcon.colcon_core.environment:create_file_with_runtime_dependencies(/home/bill8/mec_ws/mec_ws/install/my_interfaces/share/colcon-core/packages/my_interfaces)
[12.796s] INFO:colcon.colcon_ros.task.ament_python.build:Building ROS package in '/home/bill8/mec_ws/mec_ws/src/my_py_pkg' with build type 'ament_python'
[12.797s] Level 1:colcon.colcon_core.shell:create_environment_hook('my_py_pkg', 'ament_prefix_path')
[12.798s] INFO:colcon.colcon_core.shell:Creating environment hook '/home/bill8/mec_ws/mec_ws/install/my_py_pkg/share/my_py_pkg/hook/ament_prefix_path.ps1'
[12.800s] INFO:colcon.colcon_core.shell:Creating environment descriptor '/home/bill8/mec_ws/mec_ws/install/my_py_pkg/share/my_py_pkg/hook/ament_prefix_path.dsv'
[12.801s] INFO:colcon.colcon_core.shell:Creating environment hook '/home/bill8/mec_ws/mec_ws/install/my_py_pkg/share/my_py_pkg/hook/ament_prefix_path.sh'
[12.803s] INFO:colcon.colcon_core.shell:Skip shell extension 'powershell' for command environment: Not usable outside of PowerShell
[12.803s] DEBUG:colcon.colcon_core.shell:Skip shell extension 'dsv' for command environment
[13.320s] INFO:colcon.colcon_core.task.python.build:Building Python package in '/home/bill8/mec_ws/mec_ws/src/my_py_pkg'
[13.320s] INFO:colcon.colcon_core.shell:Skip shell extension 'powershell' for command environment: Not usable outside of PowerShell
[13.321s] DEBUG:colcon.colcon_core.shell:Skip shell extension 'dsv' for command environment
[13.406s] DEBUG:colcon.colcon_core.event_handler.log_command:Invoked command in '/home/bill8/mec_ws/mec_ws/build/bill_interfaces' returned '0': CMAKE_PREFIX_PATH=/opt/ros/humble /usr/bin/cmake --build /home/bill8/mec_ws/mec_ws/build/bill_interfaces -- -j16 -l16
[13.409s] DEBUG:colcon.colcon_core.event_handler.log_command:Invoking command in '/home/bill8/mec_ws/mec_ws/build/bill_interfaces': CMAKE_PREFIX_PATH=/opt/ros/humble /usr/bin/cmake --install /home/bill8/mec_ws/mec_ws/build/bill_interfaces
[13.560s] Level 1:colcon.colcon_core.environment:create_environment_scripts_only(bill_interfaces)
[13.561s] Level 1:colcon.colcon_core.environment:checking '/home/bill8/mec_ws/mec_ws/install/bill_interfaces' for CMake module files
[13.562s] DEBUG:colcon.colcon_core.event_handler.log_command:Invoked command in '/home/bill8/mec_ws/mec_ws/build/bill_interfaces' returned '0': CMAKE_PREFIX_PATH=/opt/ros/humble /usr/bin/cmake --install /home/bill8/mec_ws/mec_ws/build/bill_interfaces
[13.563s] Level 1:colcon.colcon_core.environment:checking '/home/bill8/mec_ws/mec_ws/install/bill_interfaces' for CMake config files
[13.564s] Level 1:colcon.colcon_core.shell:create_environment_hook('bill_interfaces', 'cmake_prefix_path')
[13.564s] INFO:colcon.colcon_core.shell:Creating environment hook '/home/bill8/mec_ws/mec_ws/install/bill_interfaces/share/bill_interfaces/hook/cmake_prefix_path.ps1'
[13.565s] INFO:colcon.colcon_core.shell:Creating environment descriptor '/home/bill8/mec_ws/mec_ws/install/bill_interfaces/share/bill_interfaces/hook/cmake_prefix_path.dsv'
[13.566s] INFO:colcon.colcon_core.shell:Creating environment hook '/home/bill8/mec_ws/mec_ws/install/bill_interfaces/share/bill_interfaces/hook/cmake_prefix_path.sh'
[13.568s] Level 1:colcon.colcon_core.environment:checking '/home/bill8/mec_ws/mec_ws/install/bill_interfaces/lib'
[13.568s] Level 1:colcon.colcon_core.shell:create_environment_hook('bill_interfaces', 'ld_library_path_lib')
[13.568s] INFO:colcon.colcon_core.shell:Creating environment hook '/home/bill8/mec_ws/mec_ws/install/bill_interfaces/share/bill_interfaces/hook/ld_library_path_lib.ps1'
[13.569s] INFO:colcon.colcon_core.shell:Creating environment descriptor '/home/bill8/mec_ws/mec_ws/install/bill_interfaces/share/bill_interfaces/hook/ld_library_path_lib.dsv'
[13.570s] INFO:colcon.colcon_core.shell:Creating environment hook '/home/bill8/mec_ws/mec_ws/install/bill_interfaces/share/bill_interfaces/hook/ld_library_path_lib.sh'
[13.571s] Level 1:colcon.colcon_core.environment:checking '/home/bill8/mec_ws/mec_ws/install/bill_interfaces/bin'
[13.571s] Level 1:colcon.colcon_core.environment:checking '/home/bill8/mec_ws/mec_ws/install/bill_interfaces/lib/pkgconfig/bill_interfaces.pc'
[13.571s] Level 1:colcon.colcon_core.environment:checking '/home/bill8/mec_ws/mec_ws/install/bill_interfaces/lib/python3.10/site-packages'
[13.572s] Level 1:colcon.colcon_core.environment:checking '/home/bill8/mec_ws/mec_ws/install/bill_interfaces/bin'
[13.573s] INFO:colcon.colcon_core.shell:Creating package script '/home/bill8/mec_ws/mec_ws/install/bill_interfaces/share/bill_interfaces/package.ps1'
[13.574s] INFO:colcon.colcon_core.shell:Creating package descriptor '/home/bill8/mec_ws/mec_ws/install/bill_interfaces/share/bill_interfaces/package.dsv'
[13.575s] INFO:colcon.colcon_core.shell:Creating package script '/home/bill8/mec_ws/mec_ws/install/bill_interfaces/share/bill_interfaces/package.sh'
[13.576s] INFO:colcon.colcon_core.shell:Creating package script '/home/bill8/mec_ws/mec_ws/install/bill_interfaces/share/bill_interfaces/package.bash'
[13.577s] INFO:colcon.colcon_core.shell:Creating package script '/home/bill8/mec_ws/mec_ws/install/bill_interfaces/share/bill_interfaces/package.zsh'
[13.578s] Level 1:colcon.colcon_core.environment:create_file_with_runtime_dependencies(/home/bill8/mec_ws/mec_ws/install/bill_interfaces/share/colcon-core/packages/bill_interfaces)
[13.579s] Level 1:colcon.colcon_core.environment:create_environment_scripts_only(bill_interfaces)
[13.580s] Level 1:colcon.colcon_core.environment:checking '/home/bill8/mec_ws/mec_ws/install/bill_interfaces' for CMake module files
[13.581s] Level 1:colcon.colcon_core.environment:checking '/home/bill8/mec_ws/mec_ws/install/bill_interfaces' for CMake config files
[13.582s] Level 1:colcon.colcon_core.shell:create_environment_hook('bill_interfaces', 'cmake_prefix_path')
[13.582s] INFO:colcon.colcon_core.shell:Creating environment hook '/home/bill8/mec_ws/mec_ws/install/bill_interfaces/share/bill_interfaces/hook/cmake_prefix_path.ps1'
[13.583s] INFO:colcon.colcon_core.shell:Creating environment descriptor '/home/bill8/mec_ws/mec_ws/install/bill_interfaces/share/bill_interfaces/hook/cmake_prefix_path.dsv'
[13.584s] INFO:colcon.colcon_core.shell:Creating environment hook '/home/bill8/mec_ws/mec_ws/install/bill_interfaces/share/bill_interfaces/hook/cmake_prefix_path.sh'
[13.585s] Level 1:colcon.colcon_core.environment:checking '/home/bill8/mec_ws/mec_ws/install/bill_interfaces/lib'
[13.586s] Level 1:colcon.colcon_core.shell:create_environment_hook('bill_interfaces', 'ld_library_path_lib')
[13.586s] INFO:colcon.colcon_core.shell:Creating environment hook '/home/bill8/mec_ws/mec_ws/install/bill_interfaces/share/bill_interfaces/hook/ld_library_path_lib.ps1'
[13.587s] INFO:colcon.colcon_core.shell:Creating environment descriptor '/home/bill8/mec_ws/mec_ws/install/bill_interfaces/share/bill_interfaces/hook/ld_library_path_lib.dsv'
[13.588s] INFO:colcon.colcon_core.shell:Creating environment hook '/home/bill8/mec_ws/mec_ws/install/bill_interfaces/share/bill_interfaces/hook/ld_library_path_lib.sh'
[13.589s] Level 1:colcon.colcon_core.environment:checking '/home/bill8/mec_ws/mec_ws/install/bill_interfaces/bin'
[13.589s] Level 1:colcon.colcon_core.environment:checking '/home/bill8/mec_ws/mec_ws/install/bill_interfaces/lib/pkgconfig/bill_interfaces.pc'
[13.590s] Level 1:colcon.colcon_core.environment:checking '/home/bill8/mec_ws/mec_ws/install/bill_interfaces/lib/python3.10/site-packages'
[13.590s] Level 1:colcon.colcon_core.environment:checking '/home/bill8/mec_ws/mec_ws/install/bill_interfaces/bin'
[13.591s] INFO:colcon.colcon_core.shell:Creating package script '/home/bill8/mec_ws/mec_ws/install/bill_interfaces/share/bill_interfaces/package.ps1'
[13.592s] INFO:colcon.colcon_core.shell:Creating package descriptor '/home/bill8/mec_ws/mec_ws/install/bill_interfaces/share/bill_interfaces/package.dsv'
[13.593s] INFO:colcon.colcon_core.shell:Creating package script '/home/bill8/mec_ws/mec_ws/install/bill_interfaces/share/bill_interfaces/package.sh'
[13.594s] INFO:colcon.colcon_core.shell:Creating package script '/home/bill8/mec_ws/mec_ws/install/bill_interfaces/share/bill_interfaces/package.bash'
[13.595s] INFO:colcon.colcon_core.shell:Creating package script '/home/bill8/mec_ws/mec_ws/install/bill_interfaces/share/bill_interfaces/package.zsh'
[13.596s] Level 1:colcon.colcon_core.environment:create_file_with_runtime_dependencies(/home/bill8/mec_ws/mec_ws/install/bill_interfaces/share/colcon-core/packages/bill_interfaces)
[13.597s] INFO:colcon.colcon_ros.task.ament_python.build:Building ROS package in '/home/bill8/mec_ws/mec_ws/src/person_identification_mission' with build type 'ament_python'
[13.597s] Level 1:colcon.colcon_core.shell:create_environment_hook('person_identification_mission', 'ament_prefix_path')
[13.598s] INFO:colcon.colcon_core.shell:Creating environment hook '/home/bill8/mec_ws/mec_ws/install/person_identification_mission/share/person_identification_mission/hook/ament_prefix_path.ps1'
[13.600s] INFO:colcon.colcon_core.shell:Creating environment descriptor '/home/bill8/mec_ws/mec_ws/install/person_identification_mission/share/person_identification_mission/hook/ament_prefix_path.dsv'
[13.601s] INFO:colcon.colcon_core.shell:Creating environment hook '/home/bill8/mec_ws/mec_ws/install/person_identification_mission/share/person_identification_mission/hook/ament_prefix_path.sh'
[13.602s] INFO:colcon.colcon_core.shell:Skip shell extension 'powershell' for command environment: Not usable outside of PowerShell
[13.602s] DEBUG:colcon.colcon_core.shell:Skip shell extension 'dsv' for command environment
[14.091s] INFO:colcon.colcon_core.task.python.build:Building Python package in '/home/bill8/mec_ws/mec_ws/src/person_identification_mission'
[14.091s] INFO:colcon.colcon_core.shell:Skip shell extension 'powershell' for command environment: Not usable outside of PowerShell
[14.092s] DEBUG:colcon.colcon_core.shell:Skip shell extension 'dsv' for command environment
[14.102s] DEBUG:colcon.colcon_core.event_handler.log_command:Invoking command in '/home/bill8/mec_ws/mec_ws/src/my_py_pkg': AMENT_PREFIX_PATH=/home/bill8/mec_ws/mec_ws/install/my_interfaces:${AMENT_PREFIX_PATH} CMAKE_PREFIX_PATH=/home/bill8/mec_ws/mec_ws/install/my_interfaces LD_LIBRARY_PATH=/home/bill8/mec_ws/mec_ws/install/my_interfaces/lib:${LD_LIBRARY_PATH} PYTHONPATH=/home/bill8/mec_ws/mec_ws/build/my_py_pkg/prefix_override:/usr/lib/python3/dist-packages/colcon_core/task/python/colcon_distutils_commands:/home/bill8/mec_ws/mec_ws/install/my_py_pkg/lib/python3.10/site-packages:/home/bill8/mec_ws/mec_ws/install/my_interfaces/local/lib/python3.10/dist-packages:${PYTHONPATH} /usr/bin/python3 -W ignore:setup.py install is deprecated -W ignore:easy_install command is deprecated setup.py egg_info --egg-base ../../build/my_py_pkg build --build-base /home/bill8/mec_ws/mec_ws/build/my_py_pkg/build install --record /home/bill8/mec_ws/mec_ws/build/my_py_pkg/install.log --single-version-externally-managed install_data
[14.639s] Level 1:colcon.colcon_core.environment:checking '/home/bill8/mec_ws/mec_ws/install/my_py_pkg' for CMake module files
[14.640s] DEBUG:colcon.colcon_core.event_handler.log_command:Invoked command in '/home/bill8/mec_ws/mec_ws/src/my_py_pkg' returned '0': AMENT_PREFIX_PATH=/home/bill8/mec_ws/mec_ws/install/my_interfaces:${AMENT_PREFIX_PATH} CMAKE_PREFIX_PATH=/home/bill8/mec_ws/mec_ws/install/my_interfaces LD_LIBRARY_PATH=/home/bill8/mec_ws/mec_ws/install/my_interfaces/lib:${LD_LIBRARY_PATH} PYTHONPATH=/home/bill8/mec_ws/mec_ws/build/my_py_pkg/prefix_override:/usr/lib/python3/dist-packages/colcon_core/task/python/colcon_distutils_commands:/home/bill8/mec_ws/mec_ws/install/my_py_pkg/lib/python3.10/site-packages:/home/bill8/mec_ws/mec_ws/install/my_interfaces/local/lib/python3.10/dist-packages:${PYTHONPATH} /usr/bin/python3 -W ignore:setup.py install is deprecated -W ignore:easy_install command is deprecated setup.py egg_info --egg-base ../../build/my_py_pkg build --build-base /home/bill8/mec_ws/mec_ws/build/my_py_pkg/build install --record /home/bill8/mec_ws/mec_ws/build/my_py_pkg/install.log --single-version-externally-managed install_data
[14.641s] Level 1:colcon.colcon_core.environment:checking '/home/bill8/mec_ws/mec_ws/install/my_py_pkg' for CMake config files
[14.642s] Level 1:colcon.colcon_core.environment:checking '/home/bill8/mec_ws/mec_ws/install/my_py_pkg/lib'
[14.642s] Level 1:colcon.colcon_core.environment:checking '/home/bill8/mec_ws/mec_ws/install/my_py_pkg/bin'
[14.642s] Level 1:colcon.colcon_core.environment:checking '/home/bill8/mec_ws/mec_ws/install/my_py_pkg/lib/pkgconfig/my_py_pkg.pc'
[14.643s] Level 1:colcon.colcon_core.environment:checking '/home/bill8/mec_ws/mec_ws/install/my_py_pkg/lib/python3.10/site-packages'
[14.643s] Level 1:colcon.colcon_core.shell:create_environment_hook('my_py_pkg', 'pythonpath')
[14.643s] INFO:colcon.colcon_core.shell:Creating environment hook '/home/bill8/mec_ws/mec_ws/install/my_py_pkg/share/my_py_pkg/hook/pythonpath.ps1'
[14.644s] INFO:colcon.colcon_core.shell:Creating environment descriptor '/home/bill8/mec_ws/mec_ws/install/my_py_pkg/share/my_py_pkg/hook/pythonpath.dsv'
[14.645s] INFO:colcon.colcon_core.shell:Creating environment hook '/home/bill8/mec_ws/mec_ws/install/my_py_pkg/share/my_py_pkg/hook/pythonpath.sh'
[14.646s] Level 1:colcon.colcon_core.environment:checking '/home/bill8/mec_ws/mec_ws/install/my_py_pkg/bin'
[14.646s] Level 1:colcon.colcon_core.environment:create_environment_scripts_only(my_py_pkg)
[14.647s] INFO:colcon.colcon_core.shell:Creating package script '/home/bill8/mec_ws/mec_ws/install/my_py_pkg/share/my_py_pkg/package.ps1'
[14.648s] INFO:colcon.colcon_core.shell:Creating package descriptor '/home/bill8/mec_ws/mec_ws/install/my_py_pkg/share/my_py_pkg/package.dsv'
[14.649s] INFO:colcon.colcon_core.shell:Creating package script '/home/bill8/mec_ws/mec_ws/install/my_py_pkg/share/my_py_pkg/package.sh'
[14.650s] INFO:colcon.colcon_core.shell:Creating package script '/home/bill8/mec_ws/mec_ws/install/my_py_pkg/share/my_py_pkg/package.bash'
[14.651s] INFO:colcon.colcon_core.shell:Creating package script '/home/bill8/mec_ws/mec_ws/install/my_py_pkg/share/my_py_pkg/package.zsh'
[14.651s] Level 1:colcon.colcon_core.environment:create_file_with_runtime_dependencies(/home/bill8/mec_ws/mec_ws/install/my_py_pkg/share/colcon-core/packages/my_py_pkg)
[14.739s] DEBUG:colcon.colcon_core.event_handler.log_command:Invoking command in '/home/bill8/mec_ws/mec_ws/src/person_identification_mission': AMENT_PREFIX_PATH=/home/bill8/mec_ws/mec_ws/install/bill_interfaces:${AMENT_PREFIX_PATH} CMAKE_PREFIX_PATH=/home/bill8/mec_ws/mec_ws/install/bill_interfaces LD_LIBRARY_PATH=/home/bill8/mec_ws/mec_ws/install/bill_interfaces/lib:${LD_LIBRARY_PATH} PYTHONPATH=/home/bill8/mec_ws/mec_ws/build/person_identification_mission/prefix_override:/usr/lib/python3/dist-packages/colcon_core/task/python/colcon_distutils_commands:/home/bill8/mec_ws/mec_ws/install/person_identification_mission/lib/python3.10/site-packages:/home/bill8/mec_ws/mec_ws/install/bill_interfaces/local/lib/python3.10/dist-packages:${PYTHONPATH} /usr/bin/python3 -W ignore:setup.py install is deprecated -W ignore:easy_install command is deprecated setup.py egg_info --egg-base ../../build/person_identification_mission build --build-base /home/bill8/mec_ws/mec_ws/build/person_identification_mission/build install --record /home/bill8/mec_ws/mec_ws/build/person_identification_mission/install.log --single-version-externally-managed install_data
[15.243s] Level 1:colcon.colcon_core.environment:checking '/home/bill8/mec_ws/mec_ws/install/person_identification_mission' for CMake module files
[15.244s] DEBUG:colcon.colcon_core.event_handler.log_command:Invoked command in '/home/bill8/mec_ws/mec_ws/src/person_identification_mission' returned '0': AMENT_PREFIX_PATH=/home/bill8/mec_ws/mec_ws/install/bill_interfaces:${AMENT_PREFIX_PATH} CMAKE_PREFIX_PATH=/home/bill8/mec_ws/mec_ws/install/bill_interfaces LD_LIBRARY_PATH=/home/bill8/mec_ws/mec_ws/install/bill_interfaces/lib:${LD_LIBRARY_PATH} PYTHONPATH=/home/bill8/mec_ws/mec_ws/build/person_identification_mission/prefix_override:/usr/lib/python3/dist-packages/colcon_core/task/python/colcon_distutils_commands:/home/bill8/mec_ws/mec_ws/install/person_identification_mission/lib/python3.10/site-packages:/home/bill8/mec_ws/mec_ws/install/bill_interfaces/local/lib/python3.10/dist-packages:${PYTHONPATH} /usr/bin/python3 -W ignore:setup.py install is deprecated -W ignore:easy_install command is deprecated setup.py egg_info --egg-base ../../build/person_identification_mission build --build-base /home/bill8/mec_ws/mec_ws/build/person_identification_mission/build install --record /home/bill8/mec_ws/mec_ws/build/person_identification_mission/install.log --single-version-externally-managed install_data
[15.245s] Level 1:colcon.colcon_core.environment:checking '/home/bill8/mec_ws/mec_ws/install/person_identification_mission' for CMake config files
[15.246s] Level 1:colcon.colcon_core.environment:checking '/home/bill8/mec_ws/mec_ws/install/person_identification_mission/lib'
[15.246s] Level 1:colcon.colcon_core.environment:checking '/home/bill8/mec_ws/mec_ws/install/person_identification_mission/bin'
[15.247s] Level 1:colcon.colcon_core.environment:checking '/home/bill8/mec_ws/mec_ws/install/person_identification_mission/lib/pkgconfig/person_identification_mission.pc'
[15.247s] Level 1:colcon.colcon_core.environment:checking '/home/bill8/mec_ws/mec_ws/install/person_identification_mission/lib/python3.10/site-packages'
[15.247s] Level 1:colcon.colcon_core.shell:create_environment_hook('person_identification_mission', 'pythonpath')
[15.248s] INFO:colcon.colcon_core.shell:Creating environment hook '/home/bill8/mec_ws/mec_ws/install/person_identification_mission/share/person_identification_mission/hook/pythonpath.ps1'
[15.249s] INFO:colcon.colcon_core.shell:Creating environment descriptor '/home/bill8/mec_ws/mec_ws/install/person_identification_mission/share/person_identification_mission/hook/pythonpath.dsv'
[15.249s] INFO:colcon.colcon_core.shell:Creating environment hook '/home/bill8/mec_ws/mec_ws/install/person_identification_mission/share/person_identification_mission/hook/pythonpath.sh'
[15.250s] Level 1:colcon.colcon_core.environment:checking '/home/bill8/mec_ws/mec_ws/install/person_identification_mission/bin'
[15.251s] Level 1:colcon.colcon_core.environment:create_environment_scripts_only(person_identification_mission)
[15.251s] INFO:colcon.colcon_core.shell:Creating package script '/home/bill8/mec_ws/mec_ws/install/person_identification_mission/share/person_identification_mission/package.ps1'
[15.252s] INFO:colcon.colcon_core.shell:Creating package descriptor '/home/bill8/mec_ws/mec_ws/install/person_identification_mission/share/person_identification_mission/package.dsv'
[15.254s] INFO:colcon.colcon_core.shell:Creating package script '/home/bill8/mec_ws/mec_ws/install/person_identification_mission/share/person_identification_mission/package.sh'
[15.254s] INFO:colcon.colcon_core.shell:Creating package script '/home/bill8/mec_ws/mec_ws/install/person_identification_mission/share/person_identification_mission/package.bash'
[15.255s] INFO:colcon.colcon_core.shell:Creating package script '/home/bill8/mec_ws/mec_ws/install/person_identification_mission/share/person_identification_mission/package.zsh'
[15.255s] Level 1:colcon.colcon_core.environment:create_file_with_runtime_dependencies(/home/bill8/mec_ws/mec_ws/install/person_identification_mission/share/colcon-core/packages/person_identification_mission)
[15.256s] INFO:colcon.colcon_ros.task.ament_cmake.build:Building ROS package in '/home/bill8/mec_ws/mec_ws/src/bill_bringup' with build type 'ament_cmake'
[15.256s] INFO:colcon.colcon_cmake.task.cmake.build:Building CMake package in '/home/bill8/mec_ws/mec_ws/src/bill_bringup'
[15.257s] INFO:colcon.colcon_core.shell:Skip shell extension 'powershell' for command environment: Not usable outside of PowerShell
[15.257s] DEBUG:colcon.colcon_core.shell:Skip shell extension 'dsv' for command environment
[15.277s] DEBUG:colcon.colcon_core.event_handler.log_command:Invoking command in '/home/bill8/mec_ws/mec_ws/build/bill_bringup': AMENT_PREFIX_PATH=/home/bill8/mec_ws/mec_ws/install/person_identification_mission:/home/bill8/mec_ws/mec_ws/install/bill_interfaces:${AMENT_PREFIX_PATH} CMAKE_PREFIX_PATH=/home/bill8/mec_ws/mec_ws/install/bill_interfaces:/opt/ros/humble LD_LIBRARY_PATH=/home/bill8/mec_ws/mec_ws/install/bill_interfaces/lib:${LD_LIBRARY_PATH} PYTHONPATH=/home/bill8/mec_ws/mec_ws/install/person_identification_mission/lib/python3.10/site-packages:/home/bill8/mec_ws/mec_ws/install/bill_interfaces/local/lib/python3.10/dist-packages:${PYTHONPATH} /usr/bin/cmake /home/bill8/mec_ws/mec_ws/src/bill_bringup -DCMAKE_INSTALL_PREFIX=/home/bill8/mec_ws/mec_ws/install/bill_bringup
[16.380s] DEBUG:colcon.colcon_core.event_handler.log_command:Invoked command in '/home/bill8/mec_ws/mec_ws/build/bill_bringup' returned '0': AMENT_PREFIX_PATH=/home/bill8/mec_ws/mec_ws/install/person_identification_mission:/home/bill8/mec_ws/mec_ws/install/bill_interfaces:${AMENT_PREFIX_PATH} CMAKE_PREFIX_PATH=/home/bill8/mec_ws/mec_ws/install/bill_interfaces:/opt/ros/humble LD_LIBRARY_PATH=/home/bill8/mec_ws/mec_ws/install/bill_interfaces/lib:${LD_LIBRARY_PATH} PYTHONPATH=/home/bill8/mec_ws/mec_ws/install/person_identification_mission/lib/python3.10/site-packages:/home/bill8/mec_ws/mec_ws/install/bill_interfaces/local/lib/python3.10/dist-packages:${PYTHONPATH} /usr/bin/cmake /home/bill8/mec_ws/mec_ws/src/bill_bringup -DCMAKE_INSTALL_PREFIX=/home/bill8/mec_ws/mec_ws/install/bill_bringup
[16.383s] DEBUG:colcon.colcon_core.event_handler.log_command:Invoking command in '/home/bill8/mec_ws/mec_ws/build/bill_bringup': AMENT_PREFIX_PATH=/home/bill8/mec_ws/mec_ws/install/person_identification_mission:/home/bill8/mec_ws/mec_ws/install/bill_interfaces:${AMENT_PREFIX_PATH} CMAKE_PREFIX_PATH=/home/bill8/mec_ws/mec_ws/install/bill_interfaces:/opt/ros/humble LD_LIBRARY_PATH=/home/bill8/mec_ws/mec_ws/install/bill_interfaces/lib:${LD_LIBRARY_PATH} PYTHONPATH=/home/bill8/mec_ws/mec_ws/install/person_identification_mission/lib/python3.10/site-packages:/home/bill8/mec_ws/mec_ws/install/bill_interfaces/local/lib/python3.10/dist-packages:${PYTHONPATH} /usr/bin/cmake --build /home/bill8/mec_ws/mec_ws/build/bill_bringup -- -j16 -l16
[16.445s] DEBUG:colcon.colcon_core.event_handler.log_command:Invoked command in '/home/bill8/mec_ws/mec_ws/build/bill_bringup' returned '0': AMENT_PREFIX_PATH=/home/bill8/mec_ws/mec_ws/install/person_identification_mission:/home/bill8/mec_ws/mec_ws/install/bill_interfaces:${AMENT_PREFIX_PATH} CMAKE_PREFIX_PATH=/home/bill8/mec_ws/mec_ws/install/bill_interfaces:/opt/ros/humble LD_LIBRARY_PATH=/home/bill8/mec_ws/mec_ws/install/bill_interfaces/lib:${LD_LIBRARY_PATH} PYTHONPATH=/home/bill8/mec_ws/mec_ws/install/person_identification_mission/lib/python3.10/site-packages:/home/bill8/mec_ws/mec_ws/install/bill_interfaces/local/lib/python3.10/dist-packages:${PYTHONPATH} /usr/bin/cmake --build /home/bill8/mec_ws/mec_ws/build/bill_bringup -- -j16 -l16
[16.449s] DEBUG:colcon.colcon_core.event_handler.log_command:Invoking command in '/home/bill8/mec_ws/mec_ws/build/bill_bringup': AMENT_PREFIX_PATH=/home/bill8/mec_ws/mec_ws/install/person_identification_mission:/home/bill8/mec_ws/mec_ws/install/bill_interfaces:${AMENT_PREFIX_PATH} CMAKE_PREFIX_PATH=/home/bill8/mec_ws/mec_ws/install/bill_interfaces:/opt/ros/humble LD_LIBRARY_PATH=/home/bill8/mec_ws/mec_ws/install/bill_interfaces/lib:${LD_LIBRARY_PATH} PYTHONPATH=/home/bill8/mec_ws/mec_ws/install/person_identification_mission/lib/python3.10/site-packages:/home/bill8/mec_ws/mec_ws/install/bill_interfaces/local/lib/python3.10/dist-packages:${PYTHONPATH} /usr/bin/cmake --install /home/bill8/mec_ws/mec_ws/build/bill_bringup
[16.465s] Level 1:colcon.colcon_core.environment:create_environment_scripts_only(bill_bringup)
[16.465s] Level 1:colcon.colcon_core.environment:checking '/home/bill8/mec_ws/mec_ws/install/bill_bringup' for CMake module files
[16.467s] Level 1:colcon.colcon_core.environment:checking '/home/bill8/mec_ws/mec_ws/install/bill_bringup' for CMake config files
[16.467s] DEBUG:colcon.colcon_core.event_handler.log_command:Invoked command in '/home/bill8/mec_ws/mec_ws/build/bill_bringup' returned '0': AMENT_PREFIX_PATH=/home/bill8/mec_ws/mec_ws/install/person_identification_mission:/home/bill8/mec_ws/mec_ws/install/bill_interfaces:${AMENT_PREFIX_PATH} CMAKE_PREFIX_PATH=/home/bill8/mec_ws/mec_ws/install/bill_interfaces:/opt/ros/humble LD_LIBRARY_PATH=/home/bill8/mec_ws/mec_ws/install/bill_interfaces/lib:${LD_LIBRARY_PATH} PYTHONPATH=/home/bill8/mec_ws/mec_ws/install/person_identification_mission/lib/python3.10/site-packages:/home/bill8/mec_ws/mec_ws/install/bill_interfaces/local/lib/python3.10/dist-packages:${PYTHONPATH} /usr/bin/cmake --install /home/bill8/mec_ws/mec_ws/build/bill_bringup
[16.468s] Level 1:colcon.colcon_core.shell:create_environment_hook('bill_bringup', 'cmake_prefix_path')
[16.468s] INFO:colcon.colcon_core.shell:Creating environment hook '/home/bill8/mec_ws/mec_ws/install/bill_bringup/share/bill_bringup/hook/cmake_prefix_path.ps1'
[16.469s] INFO:colcon.colcon_core.shell:Creating environment descriptor '/home/bill8/mec_ws/mec_ws/install/bill_bringup/share/bill_bringup/hook/cmake_prefix_path.dsv'
[16.469s] INFO:colcon.colcon_core.shell:Creating environment hook '/home/bill8/mec_ws/mec_ws/install/bill_bringup/share/bill_bringup/hook/cmake_prefix_path.sh'
[16.470s] Level 1:colcon.colcon_core.environment:checking '/home/bill8/mec_ws/mec_ws/install/bill_bringup/bin'
[16.470s] Level 1:colcon.colcon_core.environment:checking '/home/bill8/mec_ws/mec_ws/install/bill_bringup/lib/pkgconfig/bill_bringup.pc'
[16.471s] Level 1:colcon.colcon_core.environment:checking '/home/bill8/mec_ws/mec_ws/install/bill_bringup/lib/python3.10/site-packages'
[16.471s] Level 1:colcon.colcon_core.environment:checking '/home/bill8/mec_ws/mec_ws/install/bill_bringup/bin'
[16.472s] INFO:colcon.colcon_core.shell:Creating package script '/home/bill8/mec_ws/mec_ws/install/bill_bringup/share/bill_bringup/package.ps1'
[16.472s] INFO:colcon.colcon_core.shell:Creating package descriptor '/home/bill8/mec_ws/mec_ws/install/bill_bringup/share/bill_bringup/package.dsv'
[16.473s] INFO:colcon.colcon_core.shell:Creating package script '/home/bill8/mec_ws/mec_ws/install/bill_bringup/share/bill_bringup/package.sh'
[16.474s] INFO:colcon.colcon_core.shell:Creating package script '/home/bill8/mec_ws/mec_ws/install/bill_bringup/share/bill_bringup/package.bash'
[16.474s] INFO:colcon.colcon_core.shell:Creating package script '/home/bill8/mec_ws/mec_ws/install/bill_bringup/share/bill_bringup/package.zsh'
[16.475s] Level 1:colcon.colcon_core.environment:create_file_with_runtime_dependencies(/home/bill8/mec_ws/mec_ws/install/bill_bringup/share/colcon-core/packages/bill_bringup)
[16.475s] Level 1:colcon.colcon_core.environment:create_environment_scripts_only(bill_bringup)
[16.476s] Level 1:colcon.colcon_core.environment:checking '/home/bill8/mec_ws/mec_ws/install/bill_bringup' for CMake module files
[16.476s] Level 1:colcon.colcon_core.environment:checking '/home/bill8/mec_ws/mec_ws/install/bill_bringup' for CMake config files
[16.477s] Level 1:colcon.colcon_core.shell:create_environment_hook('bill_bringup', 'cmake_prefix_path')
[16.477s] INFO:colcon.colcon_core.shell:Creating environment hook '/home/bill8/mec_ws/mec_ws/install/bill_bringup/share/bill_bringup/hook/cmake_prefix_path.ps1'
[16.478s] INFO:colcon.colcon_core.shell:Creating environment descriptor '/home/bill8/mec_ws/mec_ws/install/bill_bringup/share/bill_bringup/hook/cmake_prefix_path.dsv'
[16.478s] INFO:colcon.colcon_core.shell:Creating environment hook '/home/bill8/mec_ws/mec_ws/install/bill_bringup/share/bill_bringup/hook/cmake_prefix_path.sh'
[16.479s] Level 1:colcon.colcon_core.environment:checking '/home/bill8/mec_ws/mec_ws/install/bill_bringup/bin'
[16.479s] Level 1:colcon.colcon_core.environment:checking '/home/bill8/mec_ws/mec_ws/install/bill_bringup/lib/pkgconfig/bill_bringup.pc'
[16.480s] Level 1:colcon.colcon_core.environment:checking '/home/bill8/mec_ws/mec_ws/install/bill_bringup/lib/python3.10/site-packages'
[16.480s] Level 1:colcon.colcon_core.environment:checking '/home/bill8/mec_ws/mec_ws/install/bill_bringup/bin'
[16.480s] INFO:colcon.colcon_core.shell:Creating package script '/home/bill8/mec_ws/mec_ws/install/bill_bringup/share/bill_bringup/package.ps1'
[16.481s] INFO:colcon.colcon_core.shell:Creating package descriptor '/home/bill8/mec_ws/mec_ws/install/bill_bringup/share/bill_bringup/package.dsv'
[16.482s] INFO:colcon.colcon_core.shell:Creating package script '/home/bill8/mec_ws/mec_ws/install/bill_bringup/share/bill_bringup/package.sh'
[16.483s] INFO:colcon.colcon_core.shell:Creating package script '/home/bill8/mec_ws/mec_ws/install/bill_bringup/share/bill_bringup/package.bash'
[16.484s] INFO:colcon.colcon_core.shell:Creating package script '/home/bill8/mec_ws/mec_ws/install/bill_bringup/share/bill_bringup/package.zsh'
[16.484s] Level 1:colcon.colcon_core.environment:create_file_with_runtime_dependencies(/home/bill8/mec_ws/mec_ws/install/bill_bringup/share/colcon-core/packages/bill_bringup)
[20.847s] DEBUG:colcon.colcon_core.event_handler.log_command:Invoked command in '/home/bill8/mec_ws/mec_ws/build/mec_firmware' returned '0': CMAKE_PREFIX_PATH=/opt/ros/humble /usr/bin/cmake --build /home/bill8/mec_ws/mec_ws/build/mec_firmware -- -j16 -l16
[20.850s] DEBUG:colcon.colcon_core.event_handler.log_command:Invoking command in '/home/bill8/mec_ws/mec_ws/build/mec_firmware': CMAKE_PREFIX_PATH=/opt/ros/humble /usr/bin/cmake --install /home/bill8/mec_ws/mec_ws/build/mec_firmware
[20.920s] Level 1:colcon.colcon_core.environment:create_environment_scripts_only(mec_firmware)
[20.920s] DEBUG:colcon.colcon_core.event_handler.log_command:Invoked command in '/home/bill8/mec_ws/mec_ws/build/mec_firmware' returned '0': CMAKE_PREFIX_PATH=/opt/ros/humble /usr/bin/cmake --install /home/bill8/mec_ws/mec_ws/build/mec_firmware
[20.920s] Level 1:colcon.colcon_core.environment:checking '/home/bill8/mec_ws/mec_ws/install/mec_firmware' for CMake module files
[20.921s] Level 1:colcon.colcon_core.environment:checking '/home/bill8/mec_ws/mec_ws/install/mec_firmware' for CMake config files
[20.922s] Level 1:colcon.colcon_core.shell:create_environment_hook('mec_firmware', 'cmake_prefix_path')
[20.922s] INFO:colcon.colcon_core.shell:Creating environment hook '/home/bill8/mec_ws/mec_ws/install/mec_firmware/share/mec_firmware/hook/cmake_prefix_path.ps1'
[20.923s] INFO:colcon.colcon_core.shell:Creating environment descriptor '/home/bill8/mec_ws/mec_ws/install/mec_firmware/share/mec_firmware/hook/cmake_prefix_path.dsv'
[20.923s] INFO:colcon.colcon_core.shell:Creating environment hook '/home/bill8/mec_ws/mec_ws/install/mec_firmware/share/mec_firmware/hook/cmake_prefix_path.sh'
[20.924s] Level 1:colcon.colcon_core.environment:checking '/home/bill8/mec_ws/mec_ws/install/mec_firmware/lib'
[20.924s] Level 1:colcon.colcon_core.shell:create_environment_hook('mec_firmware', 'ld_library_path_lib')
[20.925s] INFO:colcon.colcon_core.shell:Creating environment hook '/home/bill8/mec_ws/mec_ws/install/mec_firmware/share/mec_firmware/hook/ld_library_path_lib.ps1'
[20.925s] INFO:colcon.colcon_core.shell:Creating environment descriptor '/home/bill8/mec_ws/mec_ws/install/mec_firmware/share/mec_firmware/hook/ld_library_path_lib.dsv'
[20.926s] INFO:colcon.colcon_core.shell:Creating environment hook '/home/bill8/mec_ws/mec_ws/install/mec_firmware/share/mec_firmware/hook/ld_library_path_lib.sh'
[20.926s] Level 1:colcon.colcon_core.environment:checking '/home/bill8/mec_ws/mec_ws/install/mec_firmware/bin'
[20.926s] Level 1:colcon.colcon_core.environment:checking '/home/bill8/mec_ws/mec_ws/install/mec_firmware/lib/pkgconfig/mec_firmware.pc'
[20.927s] Level 1:colcon.colcon_core.environment:checking '/home/bill8/mec_ws/mec_ws/install/mec_firmware/lib/python3.10/site-packages'
[20.927s] Level 1:colcon.colcon_core.environment:checking '/home/bill8/mec_ws/mec_ws/install/mec_firmware/bin'
[20.928s] INFO:colcon.colcon_core.shell:Creating package script '/home/bill8/mec_ws/mec_ws/install/mec_firmware/share/mec_firmware/package.ps1'
[20.928s] INFO:colcon.colcon_core.shell:Creating package descriptor '/home/bill8/mec_ws/mec_ws/install/mec_firmware/share/mec_firmware/package.dsv'
[20.929s] INFO:colcon.colcon_core.shell:Creating package script '/home/bill8/mec_ws/mec_ws/install/mec_firmware/share/mec_firmware/package.sh'
[20.930s] INFO:colcon.colcon_core.shell:Creating package script '/home/bill8/mec_ws/mec_ws/install/mec_firmware/share/mec_firmware/package.bash'
[20.930s] INFO:colcon.colcon_core.shell:Creating package script '/home/bill8/mec_ws/mec_ws/install/mec_firmware/share/mec_firmware/package.zsh'
[20.931s] Level 1:colcon.colcon_core.environment:create_file_with_runtime_dependencies(/home/bill8/mec_ws/mec_ws/install/mec_firmware/share/colcon-core/packages/mec_firmware)
[20.931s] Level 1:colcon.colcon_core.environment:create_environment_scripts_only(mec_firmware)
[20.932s] Level 1:colcon.colcon_core.environment:checking '/home/bill8/mec_ws/mec_ws/install/mec_firmware' for CMake module files
[20.933s] Level 1:colcon.colcon_core.environment:checking '/home/bill8/mec_ws/mec_ws/install/mec_firmware' for CMake config files
[20.933s] Level 1:colcon.colcon_core.shell:create_environment_hook('mec_firmware', 'cmake_prefix_path')
[20.933s] INFO:colcon.colcon_core.shell:Creating environment hook '/home/bill8/mec_ws/mec_ws/install/mec_firmware/share/mec_firmware/hook/cmake_prefix_path.ps1'
[20.934s] INFO:colcon.colcon_core.shell:Creating environment descriptor '/home/bill8/mec_ws/mec_ws/install/mec_firmware/share/mec_firmware/hook/cmake_prefix_path.dsv'
[20.934s] INFO:colcon.colcon_core.shell:Creating environment hook '/home/bill8/mec_ws/mec_ws/install/mec_firmware/share/mec_firmware/hook/cmake_prefix_path.sh'
[20.935s] Level 1:colcon.colcon_core.environment:checking '/home/bill8/mec_ws/mec_ws/install/mec_firmware/lib'
[20.935s] Level 1:colcon.colcon_core.shell:create_environment_hook('mec_firmware', 'ld_library_path_lib')
[20.936s] INFO:colcon.colcon_core.shell:Creating environment hook '/home/bill8/mec_ws/mec_ws/install/mec_firmware/share/mec_firmware/hook/ld_library_path_lib.ps1'
[20.936s] INFO:colcon.colcon_core.shell:Creating environment descriptor '/home/bill8/mec_ws/mec_ws/install/mec_firmware/share/mec_firmware/hook/ld_library_path_lib.dsv'
[20.936s] INFO:colcon.colcon_core.shell:Creating environment hook '/home/bill8/mec_ws/mec_ws/install/mec_firmware/share/mec_firmware/hook/ld_library_path_lib.sh'
[20.937s] Level 1:colcon.colcon_core.environment:checking '/home/bill8/mec_ws/mec_ws/install/mec_firmware/bin'
[20.937s] Level 1:colcon.colcon_core.environment:checking '/home/bill8/mec_ws/mec_ws/install/mec_firmware/lib/pkgconfig/mec_firmware.pc'
[20.937s] Level 1:colcon.colcon_core.environment:checking '/home/bill8/mec_ws/mec_ws/install/mec_firmware/lib/python3.10/site-packages'
[20.937s] Level 1:colcon.colcon_core.environment:checking '/home/bill8/mec_ws/mec_ws/install/mec_firmware/bin'
[20.938s] INFO:colcon.colcon_core.shell:Creating package script '/home/bill8/mec_ws/mec_ws/install/mec_firmware/share/mec_firmware/package.ps1'
[20.938s] INFO:colcon.colcon_core.shell:Creating package descriptor '/home/bill8/mec_ws/mec_ws/install/mec_firmware/share/mec_firmware/package.dsv'
[20.939s] INFO:colcon.colcon_core.shell:Creating package script '/home/bill8/mec_ws/mec_ws/install/mec_firmware/share/mec_firmware/package.sh'
[20.939s] INFO:colcon.colcon_core.shell:Creating package script '/home/bill8/mec_ws/mec_ws/install/mec_firmware/share/mec_firmware/package.bash'
[20.940s] INFO:colcon.colcon_core.shell:Creating package script '/home/bill8/mec_ws/mec_ws/install/mec_firmware/share/mec_firmware/package.zsh'
[20.940s] Level 1:colcon.colcon_core.environment:create_file_with_runtime_dependencies(/home/bill8/mec_ws/mec_ws/install/mec_firmware/share/colcon-core/packages/mec_firmware)
[20.940s] DEBUG:colcon.colcon_parallel_executor.executor.parallel:closing loop
[20.940s] DEBUG:colcon.colcon_parallel_executor.executor.parallel:loop closed
[20.940s] DEBUG:colcon.colcon_parallel_executor.executor.parallel:run_until_complete finished with '0'
[20.941s] DEBUG:colcon.colcon_core.event_reactor:joining thread
[20.948s] INFO:colcon.colcon_core.plugin_system:Skipping extension 'colcon_notification.desktop_notification.terminal_notifier': Not used on non-Darwin systems
[20.948s] INFO:colcon.colcon_core.plugin_system:Skipping extension 'colcon_notification.desktop_notification.win32': Not used on non-Windows systems
[20.948s] INFO:colcon.colcon_notification.desktop_notification:Sending desktop notification using 'notify2'
[20.977s] DEBUG:colcon.colcon_core.event_reactor:joined thread
[20.978s] INFO:colcon.colcon_core.shell:Creating prefix script '/home/bill8/mec_ws/mec_ws/install/local_setup.ps1'
[20.979s] INFO:colcon.colcon_core.shell:Creating prefix util module '/home/bill8/mec_ws/mec_ws/install/_local_setup_util_ps1.py'
[20.981s] INFO:colcon.colcon_core.shell:Creating prefix chain script '/home/bill8/mec_ws/mec_ws/install/setup.ps1'
[20.982s] INFO:colcon.colcon_core.shell:Creating prefix script '/home/bill8/mec_ws/mec_ws/install/local_setup.sh'
[20.983s] INFO:colcon.colcon_core.shell:Creating prefix util module '/home/bill8/mec_ws/mec_ws/install/_local_setup_util_sh.py'
[20.984s] INFO:colcon.colcon_core.shell:Creating prefix chain script '/home/bill8/mec_ws/mec_ws/install/setup.sh'
[20.985s] INFO:colcon.colcon_core.shell:Creating prefix script '/home/bill8/mec_ws/mec_ws/install/local_setup.bash'
[20.986s] INFO:colcon.colcon_core.shell:Creating prefix chain script '/home/bill8/mec_ws/mec_ws/install/setup.bash'
[20.987s] INFO:colcon.colcon_core.shell:Creating prefix script '/home/bill8/mec_ws/mec_ws/install/local_setup.zsh'
[20.988s] INFO:colcon.colcon_core.shell:Creating prefix chain script '/home/bill8/mec_ws/mec_ws/install/setup.zsh'
